first_edge_count,second_edge_count,metric,observed_first_minus_second,hierarchical_bootstrap_95_low,hierarchical_bootstrap_95_high
8,4,correct_preservation_C_to_C,-0.03941120607787274,-0.16000000000000003,0.06060606060606055
8,4,other_error_correction_O_to_C,-0.12015086206896552,-0.3606923142906159,0.10739143965327451
8,4,unparsed_correction_U_to_C,-0.022727272727272707,-0.7,0.6666666666666667
12,8,correct_preservation_C_to_C,0.0031269543464664817,-0.11111111111111116,0.13077832461956362
12,8,other_error_correction_O_to_C,-0.011458333333333348,-0.21804853041695146,0.20094867734724287
12,8,unparsed_correction_U_to_C,0.25,-0.6,0.9230769230769231
16,12,correct_preservation_C_to_C,0.060975609756097615,0.0,0.16129032258064513
16,12,other_error_correction_O_to_C,0.21666666666666667,-0.012145748987854199,0.4189907319746873
16,12,unparsed_correction_U_to_C,-0.25,-1.0,0.5
