run_spec_id,cohort,task_id,graph_id,edge_count,experiment_seed,initial_state,final_state,initial_correct,final_correct,paired_delta,model_calls,backend_calls,input_tokens,output_tokens,private_output_tokens,public_output_tokens,private_length_turns,private_parsed_turns,summary_answer_mismatch_turns,length_turns,unparsed_turns,audit_turns,summarization_turns,message_compression_turns,context_overflow_turns,context_truncation_turns,raw_broadcast_mismatch_messages,serial_generation_latency_seconds,external_round_zero_rate,difficulty_band
run-spec-3d862ea40116b252c139,full_rationale,2026_AIME_I_P01,g-n5-m4-020c02ee23fd10e6,4,0,O,C,0,1,1,14,14,25470,16344,0,0,0,0,0,0,0,14,0,0,0,0,0,246.574528940022,1.0,ceiling
run-spec-930460197000969e0f11,full_rationale,2026_AIME_I_P01,g-n5-m4-8ace11eb98f60ea5,4,0,C,C,1,1,0,13,13,27377,18974,0,0,0,0,0,0,0,13,0,0,0,0,0,284.76547510921955,1.0,ceiling
run-spec-c2f1584a35e886b59eeb,full_rationale,2026_AIME_I_P01,g-n5-m4-e6b58e28f5d141e8,4,0,C,C,1,1,0,12,12,20616,12867,0,0,0,0,0,0,0,12,0,0,0,0,0,188.1464521996677,1.0,ceiling
run-spec-52b0c579804e24a71dd7,full_rationale,2026_AIME_I_P01,g-n5-m8-d7ed48430d5f1b67,8,0,C,C,1,1,0,14,14,34403,17095,0,0,0,0,0,0,0,14,0,0,0,0,0,257.895092535764,1.0,ceiling
run-spec-505f08893b3b6064c517,full_rationale,2026_AIME_I_P01,g-n5-m8-7f3a9ce5d54de331,8,0,C,C,1,1,0,13,13,31491,16458,0,0,0,0,0,0,0,13,0,0,0,0,0,248.22730880603194,1.0,ceiling
run-spec-ed58a9d8744de403fc62,full_rationale,2026_AIME_I_P01,g-n5-m8-9970b4b974e58087,8,0,C,C,1,1,0,12,12,25193,13829,0,0,0,0,0,0,0,12,0,0,0,0,0,204.19801374524832,1.0,ceiling
run-spec-513812afdd3444dcb65a,full_rationale,2026_AIME_I_P01,g-n5-m12-e751609d27011f71,12,0,C,C,1,1,0,15,15,44857,15822,0,0,0,0,0,0,0,15,0,0,0,0,0,237.85395864024758,1.0,ceiling
run-spec-972a510955948ac49434,full_rationale,2026_AIME_I_P01,g-n5-m12-b7994e50c3403f63,12,0,C,C,1,1,0,16,16,47231,17267,0,0,0,0,0,0,0,16,0,0,0,0,0,260.368439540267,1.0,ceiling
run-spec-810c46f53251973518bb,full_rationale,2026_AIME_I_P01,g-n5-m12-c2d302af32c23635,12,0,C,C,1,1,0,15,15,57790,20500,0,0,0,0,0,0,0,15,0,0,0,0,0,308.91482750326395,1.0,ceiling
run-spec-152417347e28400d50f0,full_rationale,2026_AIME_I_P01,g-n5-m16-d8343258cfd33056,16,0,C,C,1,1,0,16,16,55031,17168,0,0,0,0,0,0,0,16,0,0,0,0,0,259.0625375248492,1.0,ceiling
run-spec-ed05c8458d7cb0952901,full_rationale,2026_AIME_I_P01,g-n5-m4-fc174fd4cac969a2,4,0,C,C,1,1,0,16,16,34740,20471,0,0,0,0,0,0,0,16,0,0,0,0,0,308.375937923789,1.0,ceiling
run-spec-745beb90630b12e645eb,full_rationale,2026_AIME_I_P01,g-n5-m4-c86f6be403cf7523,4,0,C,C,1,1,0,14,14,28007,16519,0,0,0,0,0,0,0,14,0,0,0,0,0,249.1287274695933,1.0,ceiling
run-spec-32d7ce06cdf9c809426f,full_rationale,2026_AIME_I_P01,g-n5-m8-098c132ef3277e03,8,0,C,C,1,1,0,13,13,33209,18378,0,0,0,0,0,0,0,13,0,0,0,0,0,288.51628259941936,1.0,ceiling
run-spec-9085cf2e5a44fb3b4bd5,full_rationale,2026_AIME_I_P01,g-n5-m8-8cbea459f4a9f71d,8,0,C,C,1,1,0,14,14,30007,14277,0,0,0,0,0,0,0,14,0,0,0,0,0,221.7737580910325,1.0,ceiling
run-spec-df23f7a05497e84f6ea8,full_rationale,2026_AIME_I_P01,g-n5-m12-aa67d00fd87be761,12,0,C,C,1,1,0,15,15,61973,20786,0,0,0,0,0,0,0,15,0,0,0,0,0,319.2034676037729,1.0,ceiling
run-spec-c9ca0a4d7af97d1ad7ff,full_rationale,2026_AIME_I_P01,g-n5-m12-245b8a7d712cb4a0,12,0,C,C,1,1,0,15,15,47996,16959,0,0,0,0,0,0,0,15,0,0,0,0,0,261.4735873527825,1.0,ceiling
run-spec-e7ae14c51537af506176,full_rationale,2026_AIME_I_P02,g-n5-m4-020c02ee23fd10e6,4,0,C,C,1,1,0,14,14,74368,49504,0,0,0,0,0,0,0,14,0,0,0,0,0,1026.0478075183928,0.5,informative
run-spec-cb07f6dd7e17261d8561,full_rationale,2026_AIME_I_P02,g-n5-m4-8ace11eb98f60ea5,4,0,C,O,1,0,-1,13,13,74603,51422,0,0,0,0,0,0,0,13,0,0,0,0,0,1077.422273684293,0.5,informative
run-spec-33fa32bc1437ac571283,full_rationale,2026_AIME_I_P02,g-n5-m4-e6b58e28f5d141e8,4,0,C,C,1,1,0,12,12,62548,42694,0,0,0,0,0,0,0,12,0,0,0,0,0,854.061357036233,0.5,informative
run-spec-bcfec2bb3aad8d6dc11c,full_rationale,2026_AIME_I_P02,g-n5-m8-d7ed48430d5f1b67,8,0,C,C,1,1,0,14,14,102216,50005,0,0,0,0,0,0,0,14,0,0,0,0,0,1046.838765129447,0.5,informative
run-spec-6d9f7e1c01483639beaa,full_rationale,2026_AIME_I_P02,g-n5-m8-7f3a9ce5d54de331,8,0,O,C,0,1,1,13,13,75523,40534,0,0,0,0,0,0,0,13,0,0,0,0,0,796.140880048275,0.5,informative
run-spec-ab40d1880cd8c6bfaa86,full_rationale,2026_AIME_I_P02,g-n5-m8-9970b4b974e58087,8,0,C,C,1,1,0,12,12,59973,34230,0,0,0,0,0,0,0,12,0,0,0,0,0,643.5098001621664,0.5,informative
run-spec-5e8ff71864613dd13330,full_rationale,2026_AIME_I_P02,g-n5-m12-e751609d27011f71,12,0,C,C,1,1,0,15,15,130911,46950,0,0,0,0,0,0,0,15,0,0,0,0,0,1005.6197134293616,0.5,informative
run-spec-625246d7ad2db819c4e4,full_rationale,2026_AIME_I_P02,g-n5-m12-b7994e50c3403f63,12,0,C,C,1,1,0,16,16,147145,53359,0,0,0,0,0,0,0,16,0,0,0,0,0,1174.5936802253127,0.5,informative
run-spec-4a21858958360ab43e14,full_rationale,2026_AIME_I_P02,g-n5-m12-c2d302af32c23635,12,0,C,C,1,1,0,15,15,120075,45297,0,0,0,0,0,0,0,15,0,0,0,0,0,1044.6802633851767,0.5,informative
run-spec-dab2c4a98b7cd942e526,full_rationale,2026_AIME_I_P02,g-n5-m16-d8343258cfd33056,16,0,C,C,1,1,0,16,16,190687,56051,0,0,0,0,0,0,0,16,0,0,0,0,0,1295.6843281500041,0.5,informative
run-spec-d2fd3930ae6b23523a9b,full_rationale,2026_AIME_I_P02,g-n5-m4-fc174fd4cac969a2,4,0,O,C,0,1,1,16,16,91655,57111,0,0,0,0,0,0,0,16,0,0,0,0,0,1346.1609550081193,0.5,informative
run-spec-942eb3d6e92103bddbfd,full_rationale,2026_AIME_I_P02,g-n5-m4-c86f6be403cf7523,4,0,O,C,0,1,1,14,14,68533,43690,0,0,0,0,0,0,0,14,0,0,0,0,0,1058.263999056071,0.5,informative
run-spec-33d10cfe603d2f57e019,full_rationale,2026_AIME_I_P02,g-n5-m8-098c132ef3277e03,8,0,C,C,1,1,0,13,13,117362,61434,0,0,0,0,0,0,0,13,0,0,0,0,0,1520.3190549612045,0.5,informative
run-spec-d6394c7e31e80ccc88f3,full_rationale,2026_AIME_I_P02,g-n5-m8-8cbea459f4a9f71d,8,0,O,O,0,0,0,14,14,100129,50105,0,0,0,0,0,0,0,14,0,0,0,0,0,1253.415894355625,0.5,informative
run-spec-8a1f197833fd19a70f40,full_rationale,2026_AIME_I_P02,g-n5-m12-aa67d00fd87be761,12,0,O,O,0,0,0,15,15,159767,55303,0,0,0,0,0,0,0,15,0,0,0,0,0,1345.317918010056,0.5,informative
run-spec-74db7c3d5d75a378b0e1,full_rationale,2026_AIME_I_P02,g-n5-m12-245b8a7d712cb4a0,12,0,C,C,1,1,0,15,15,136795,48793,0,0,0,0,0,0,0,15,0,0,0,0,0,1176.666398100555,0.5,informative
run-spec-30e0446f800a27b260f3,full_rationale,2026_AIME_I_P03,g-n5-m4-020c02ee23fd10e6,4,0,C,C,1,1,0,14,14,34406,20581,0,0,0,0,0,0,0,14,0,0,0,0,0,479.88214686512947,0.8,informative
run-spec-6ee1a70eb4bd0bd058a5,full_rationale,2026_AIME_I_P03,g-n5-m4-8ace11eb98f60ea5,4,0,C,C,1,1,0,13,13,31811,19950,0,0,0,0,0,0,0,13,0,0,0,0,0,460.09338007867336,0.8,informative
run-spec-344d6bb7941c80ee062f,full_rationale,2026_AIME_I_P03,g-n5-m4-e6b58e28f5d141e8,4,0,C,C,1,1,0,12,12,32833,23593,0,0,0,0,0,0,0,12,0,0,0,0,0,554.0898700356483,0.8,informative
run-spec-d4710085776acf013222,full_rationale,2026_AIME_I_P03,g-n5-m8-d7ed48430d5f1b67,8,0,C,C,1,1,0,14,14,42533,20042,0,0,0,0,0,0,0,14,0,0,0,0,0,456.483259934932,0.8,informative
run-spec-20d2be7e08473fbcf079,full_rationale,2026_AIME_I_P03,g-n5-m8-7f3a9ce5d54de331,8,0,C,C,1,1,0,13,13,45899,22615,0,0,0,0,0,0,0,13,0,0,0,0,0,514.8999824002385,0.8,informative
run-spec-50453abaef41ce171bbb,full_rationale,2026_AIME_I_P03,g-n5-m8-9970b4b974e58087,8,0,C,C,1,1,0,12,12,49713,26021,0,0,0,0,0,0,0,12,0,0,0,0,0,654.1734746210277,0.8,informative
run-spec-425732ebaae0edd297a6,full_rationale,2026_AIME_I_P03,g-n5-m12-e751609d27011f71,12,0,C,C,1,1,0,15,15,57428,20068,0,0,0,0,0,0,0,15,0,0,0,0,0,523.1416140049696,0.8,informative
run-spec-532e8cf0eca18db5e7a6,full_rationale,2026_AIME_I_P03,g-n5-m12-b7994e50c3403f63,12,0,C,C,1,1,0,16,16,59765,21284,0,0,0,0,0,0,1,16,0,0,0,0,0,553.2415864765644,0.8,informative
run-spec-f8d071162692a9b3f0ba,full_rationale,2026_AIME_I_P03,g-n5-m12-c2d302af32c23635,12,0,C,C,1,1,0,15,15,61690,23985,0,0,0,0,0,0,2,15,0,0,0,0,0,606.9821546040475,0.8,informative
run-spec-85bb82107aa234ed85f2,full_rationale,2026_AIME_I_P03,g-n5-m16-d8343258cfd33056,16,0,U,C,0,1,1,16,16,72222,20391,0,0,0,0,0,0,1,16,0,0,0,0,0,520.2137794233859,0.8,informative
run-spec-ba3f82ad53583481bd0d,full_rationale,2026_AIME_I_P03,g-n5-m4-fc174fd4cac969a2,4,0,C,C,1,1,0,16,16,39922,23388,0,0,0,0,0,0,3,16,0,0,0,0,0,573.8148311376572,0.8,informative
run-spec-a09070ad4ec587671ccf,full_rationale,2026_AIME_I_P03,g-n5-m4-c86f6be403cf7523,4,0,C,C,1,1,0,14,14,32173,19262,0,0,0,0,0,0,0,14,0,0,0,0,0,485.3819190636277,0.8,informative
run-spec-d3904a6ff4c073993f07,full_rationale,2026_AIME_I_P03,g-n5-m8-098c132ef3277e03,8,0,C,C,1,1,0,13,13,67385,30329,0,0,0,0,0,0,1,13,0,0,0,0,0,660.0771260857582,0.8,informative
run-spec-b8e973a085aedf2ea976,full_rationale,2026_AIME_I_P03,g-n5-m8-8cbea459f4a9f71d,8,0,U,C,0,1,1,14,14,48939,24191,0,0,0,0,0,0,2,14,0,0,0,0,0,453.2612232044339,0.8,informative
run-spec-c8585f236c9680dfdc12,full_rationale,2026_AIME_I_P03,g-n5-m12-aa67d00fd87be761,12,0,C,C,1,1,0,15,15,83743,33884,0,0,0,0,0,0,1,15,0,0,0,0,0,666.6673971153796,0.8,informative
run-spec-7a816bbeb7c9f122371e,full_rationale,2026_AIME_I_P03,g-n5-m12-245b8a7d712cb4a0,12,0,C,C,1,1,0,15,15,58658,20920,0,0,0,0,0,0,2,15,0,0,0,0,0,384.5035368427634,0.8,informative
run-spec-cee109378ec51b3e1327,full_rationale,2026_AIME_I_P04,g-n5-m4-020c02ee23fd10e6,4,0,O,C,0,1,1,14,14,60049,38712,0,0,0,0,0,0,0,14,0,0,0,0,0,752.5894369743764,0.5,informative
run-spec-307c60b63c6ecc18cc6c,full_rationale,2026_AIME_I_P04,g-n5-m4-8ace11eb98f60ea5,4,0,C,C,1,1,0,13,13,56390,35540,0,0,0,0,0,0,0,13,0,0,0,0,0,687.8795938193798,0.5,informative
run-spec-0f229e64980a72225645,full_rationale,2026_AIME_I_P04,g-n5-m4-e6b58e28f5d141e8,4,0,C,C,1,1,0,12,12,48088,33477,0,0,0,0,0,0,0,12,0,0,0,0,0,650.0163988247514,0.5,informative
run-spec-0b41b08de186e62fe6f1,full_rationale,2026_AIME_I_P04,g-n5-m8-d7ed48430d5f1b67,8,0,O,C,0,1,1,14,14,81880,39237,0,0,0,0,0,0,0,14,0,0,0,0,0,768.9711553901434,0.5,informative
run-spec-12dd68f2ed451d9f271d,full_rationale,2026_AIME_I_P04,g-n5-m8-7f3a9ce5d54de331,8,0,C,O,1,0,-1,13,13,95087,47157,0,0,0,0,0,0,0,13,0,0,0,0,0,944.6291949562728,0.5,informative
run-spec-7c8775a80ee57bcdb6de,full_rationale,2026_AIME_I_P04,g-n5-m8-9970b4b974e58087,8,0,O,C,0,1,1,12,12,53973,33478,0,0,0,0,0,0,0,12,0,0,0,0,0,642.2431931458414,0.5,informative
run-spec-0b28e43d8bd3a5a6241e,full_rationale,2026_AIME_I_P04,g-n5-m12-e751609d27011f71,12,0,O,C,0,1,1,15,15,102255,33732,0,0,0,0,0,0,0,15,0,0,0,0,0,645.8379645943642,0.5,informative
run-spec-bf45a04a672040ac9a52,full_rationale,2026_AIME_I_P04,g-n5-m12-b7994e50c3403f63,12,0,C,C,1,1,0,16,16,114020,37645,0,0,0,0,0,0,0,16,0,0,0,0,0,740.6340601630509,0.5,informative
run-spec-485852b58ad9e976a4e8,full_rationale,2026_AIME_I_P04,g-n5-m12-c2d302af32c23635,12,0,C,O,1,0,-1,15,15,116770,39887,0,0,0,0,0,0,0,15,0,0,0,0,0,829.8422436192632,0.5,informative
run-spec-256daaf34c86d1049deb,full_rationale,2026_AIME_I_P04,g-n5-m16-d8343258cfd33056,16,0,O,C,0,1,1,16,16,123054,35101,0,0,0,0,0,0,0,16,0,0,0,0,0,746.496186863631,0.5,informative
run-spec-2b17d527bb951f60ed27,full_rationale,2026_AIME_I_P04,g-n5-m4-fc174fd4cac969a2,4,0,O,C,0,1,1,16,16,75205,44731,0,0,0,0,0,0,0,16,0,0,0,0,0,956.414369083941,0.5,informative
run-spec-274f1498b793f8edda39,full_rationale,2026_AIME_I_P04,g-n5-m4-c86f6be403cf7523,4,0,O,C,0,1,1,14,14,55407,33837,0,0,0,0,0,0,0,14,0,0,0,0,0,712.6916362568736,0.5,informative
run-spec-392b1407467ca2389d78,full_rationale,2026_AIME_I_P04,g-n5-m8-098c132ef3277e03,8,0,C,C,1,1,0,13,13,73480,37173,0,0,0,0,0,0,0,13,0,0,0,0,0,772.3834727928042,0.5,informative
run-spec-fb87eca6e37922cbbed5,full_rationale,2026_AIME_I_P04,g-n5-m8-8cbea459f4a9f71d,8,0,O,C,0,1,1,14,14,82437,36896,0,0,0,0,0,0,0,14,0,0,0,0,0,766.5746089145541,0.5,informative
run-spec-a9848bcaaef836f42624,full_rationale,2026_AIME_I_P04,g-n5-m12-aa67d00fd87be761,12,0,C,C,1,1,0,15,15,101943,37345,0,0,0,0,0,0,0,15,0,0,0,0,0,772.2410862334073,0.5,informative
run-spec-bbafe556c9e242693855,full_rationale,2026_AIME_I_P04,g-n5-m12-245b8a7d712cb4a0,12,0,O,C,0,1,1,15,15,90276,31748,0,0,0,0,0,0,0,15,0,0,0,0,0,682.25603377074,0.5,informative
run-spec-8372e8bc7d3f46942128,full_rationale,2026_AIME_I_P05,g-n5-m4-020c02ee23fd10e6,4,0,C,C,1,1,0,14,14,27290,16840,0,0,0,0,0,0,0,14,0,0,0,0,0,368.6613253541291,1.0,ceiling
run-spec-5ded8cd589b55a08913b,full_rationale,2026_AIME_I_P05,g-n5-m4-8ace11eb98f60ea5,4,0,C,C,1,1,0,13,13,24975,16135,0,0,0,0,0,0,0,13,0,0,0,0,0,334.9933776371181,1.0,ceiling
run-spec-433e7ab005c5ac60a679,full_rationale,2026_AIME_I_P05,g-n5-m4-e6b58e28f5d141e8,4,0,C,C,1,1,0,12,12,21988,14401,0,0,0,0,0,0,0,12,0,0,0,0,0,299.4734356813133,1.0,ceiling
run-spec-e3c9ed3d8994e1542066,full_rationale,2026_AIME_I_P05,g-n5-m8-d7ed48430d5f1b67,8,0,C,C,1,1,0,14,14,38918,19981,0,0,0,0,0,0,0,14,0,0,0,0,0,411.94895362481475,1.0,ceiling
run-spec-80dd5e25fd07db01638b,full_rationale,2026_AIME_I_P05,g-n5-m8-7f3a9ce5d54de331,8,0,C,C,1,1,0,13,13,32183,16696,0,0,0,0,0,0,0,13,0,0,0,0,0,346.0027248635888,1.0,ceiling
run-spec-d6b37ebf7fdc18b60db0,full_rationale,2026_AIME_I_P05,g-n5-m8-9970b4b974e58087,8,0,C,C,1,1,0,12,12,24927,14883,0,0,0,0,0,0,0,12,0,0,0,0,0,313.7674853987992,1.0,ceiling
run-spec-4634ba50e627b5504d22,full_rationale,2026_AIME_I_P05,g-n5-m12-e751609d27011f71,12,0,C,C,1,1,0,15,15,49504,18334,0,0,0,0,0,0,0,15,0,0,0,0,0,368.7217781804502,1.0,ceiling
run-spec-086b13becf1c9ac82992,full_rationale,2026_AIME_I_P05,g-n5-m12-b7994e50c3403f63,12,0,C,C,1,1,0,16,16,53059,19797,0,0,0,0,0,0,0,16,0,0,0,0,0,389.5155299529433,1.0,ceiling
run-spec-5112d63030b07c065e7e,full_rationale,2026_AIME_I_P05,g-n5-m12-c2d302af32c23635,12,0,C,C,1,1,0,15,15,50199,18974,0,0,0,0,0,0,0,15,0,0,0,0,0,372.69043957814574,1.0,ceiling
run-spec-cc757ef1e102364b0216,full_rationale,2026_AIME_I_P05,g-n5-m16-d8343258cfd33056,16,0,C,C,1,1,0,16,16,65181,20023,0,0,0,0,0,0,0,16,0,0,0,0,0,344.4785963408649,1.0,ceiling
run-spec-61b8529a3e088af1701f,full_rationale,2026_AIME_I_P05,g-n5-m4-fc174fd4cac969a2,4,0,C,C,1,1,0,16,16,32734,19334,0,0,0,0,0,0,0,16,0,0,0,0,0,330.3661133572459,1.0,ceiling
run-spec-2c15b1b638eac329f982,full_rationale,2026_AIME_I_P05,g-n5-m4-c86f6be403cf7523,4,0,C,C,1,1,0,14,14,27546,17082,0,0,0,0,0,0,0,14,0,0,0,0,0,275.82347878068686,1.0,ceiling
run-spec-c016998db27c62e032a3,full_rationale,2026_AIME_I_P05,g-n5-m8-098c132ef3277e03,8,0,C,C,1,1,0,13,13,32494,16754,0,0,0,0,0,0,0,13,0,0,0,0,0,269.95486154034734,1.0,ceiling
run-spec-3958b215f8096e9ef0c9,full_rationale,2026_AIME_I_P05,g-n5-m8-8cbea459f4a9f71d,8,0,C,C,1,1,0,14,14,36040,17302,0,0,0,0,0,0,0,14,0,0,0,0,0,279.04507463797927,1.0,ceiling
run-spec-e7cf3024078f49790510,full_rationale,2026_AIME_I_P05,g-n5-m12-aa67d00fd87be761,12,0,C,C,1,1,0,15,15,51463,18870,0,0,0,0,0,0,0,15,0,0,0,0,0,303.7295225262642,1.0,ceiling
run-spec-6abf5e44446a4f345b8a,full_rationale,2026_AIME_I_P05,g-n5-m12-245b8a7d712cb4a0,12,0,C,C,1,1,0,15,15,49716,18572,0,0,0,0,0,0,0,15,0,0,0,0,0,299.29633251205087,1.0,ceiling
run-spec-baecff053da55f2e4df7,full_rationale,2026_AIME_I_P06,g-n5-m4-020c02ee23fd10e6,4,0,C,C,1,1,0,14,14,32710,20999,0,0,0,0,0,0,0,14,0,0,0,0,0,334.2283550873399,1.0,ceiling
run-spec-a9ba3ec6023bf49ea73b,full_rationale,2026_AIME_I_P06,g-n5-m4-8ace11eb98f60ea5,4,0,C,C,1,1,0,13,13,24924,16967,0,0,0,0,0,0,0,13,0,0,0,0,0,272.59469835460186,1.0,ceiling
run-spec-529c15cb8ddd089c2da3,full_rationale,2026_AIME_I_P06,g-n5-m4-e6b58e28f5d141e8,4,0,C,C,1,1,0,12,12,26638,18335,0,0,0,0,0,0,0,12,0,0,0,0,0,292.76290637254715,1.0,ceiling
run-spec-12b67995ef048e2c5447,full_rationale,2026_AIME_I_P06,g-n5-m8-d7ed48430d5f1b67,8,0,C,C,1,1,0,14,14,38412,20448,0,0,0,0,0,0,0,14,0,0,0,0,0,325.65794901549816,1.0,ceiling
run-spec-8398323913f2d959aff6,full_rationale,2026_AIME_I_P06,g-n5-m8-7f3a9ce5d54de331,8,0,C,C,1,1,0,13,13,36000,19101,0,0,0,0,0,0,0,13,0,0,0,0,0,303.67759864777327,1.0,ceiling
run-spec-2daecfbd0af709ec8e8a,full_rationale,2026_AIME_I_P06,g-n5-m8-9970b4b974e58087,8,0,C,C,1,1,0,12,12,27971,16840,0,0,0,0,0,0,1,12,0,0,0,0,0,271.6778367161751,1.0,ceiling
run-spec-5ebe330d61edad220e0c,full_rationale,2026_AIME_I_P06,g-n5-m12-e751609d27011f71,12,0,C,C,1,1,0,15,15,52952,20196,0,0,0,0,0,0,0,15,0,0,0,0,0,331.58884002640843,1.0,ceiling
run-spec-9c1ac52a81b0222c83b3,full_rationale,2026_AIME_I_P06,g-n5-m12-b7994e50c3403f63,12,0,C,C,1,1,0,16,16,56809,22126,0,0,0,0,0,0,0,16,0,0,0,0,0,366.73771250993013,1.0,ceiling
run-spec-3be004a856aa87dba8eb,full_rationale,2026_AIME_I_P06,g-n5-m12-c2d302af32c23635,12,0,C,C,1,1,0,15,15,56808,21259,0,0,0,0,0,0,0,15,0,0,0,0,0,352.1597623229027,1.0,ceiling
run-spec-6837118564aea9f6bb84,full_rationale,2026_AIME_I_P06,g-n5-m16-d8343258cfd33056,16,0,C,C,1,1,0,16,16,71294,22144,0,0,0,0,0,0,0,16,0,0,0,0,0,367.40274726226926,1.0,ceiling
run-spec-0795b7d1ee98042b199c,full_rationale,2026_AIME_I_P06,g-n5-m4-fc174fd4cac969a2,4,0,C,C,1,1,0,16,16,36550,22677,0,0,0,0,0,0,0,16,0,0,0,0,0,375.41696179658175,1.0,ceiling
run-spec-aa7bf9c8fe234e6afdcd,full_rationale,2026_AIME_I_P06,g-n5-m4-c86f6be403cf7523,4,0,C,C,1,1,0,14,14,30028,19466,0,0,0,0,0,0,0,14,0,0,0,0,0,324.034142781049,1.0,ceiling
run-spec-31a78d7dd4d15acfea05,full_rationale,2026_AIME_I_P06,g-n5-m8-098c132ef3277e03,8,0,C,C,1,1,0,13,13,33510,18013,0,0,0,0,0,0,0,13,0,0,0,0,0,302.1143314577639,1.0,ceiling
run-spec-1deb6bc8bc132cf5c1e6,full_rationale,2026_AIME_I_P06,g-n5-m8-8cbea459f4a9f71d,8,0,C,C,1,1,0,14,14,41092,20033,0,0,0,0,0,0,0,14,0,0,0,0,0,336.0423173569143,1.0,ceiling
run-spec-ed134a0853e93f94c429,full_rationale,2026_AIME_I_P06,g-n5-m12-aa67d00fd87be761,12,0,C,C,1,1,0,15,15,54818,20712,0,0,0,0,0,0,1,15,0,0,0,0,0,347.01302176713943,1.0,ceiling
run-spec-9b5b968dc4d3f053697b,full_rationale,2026_AIME_I_P06,g-n5-m12-245b8a7d712cb4a0,12,0,C,C,1,1,0,15,15,50797,19662,0,0,0,0,0,0,0,15,0,0,0,0,0,330.3581983409822,1.0,ceiling
run-spec-86b5179410191ac51944,full_rationale,2026_AIME_I_P07,g-n5-m4-020c02ee23fd10e6,4,0,C,C,1,1,0,14,14,45019,28583,0,0,0,0,0,0,0,14,0,0,0,0,0,474.47741482779384,0.9,ceiling
run-spec-568b4ef9fb1ac9bcb7a5,full_rationale,2026_AIME_I_P07,g-n5-m4-8ace11eb98f60ea5,4,0,C,C,1,1,0,13,13,45352,32739,0,0,0,0,0,0,0,13,0,0,0,0,0,589.5595900937915,0.9,ceiling
run-spec-02d8139468909c42dc99,full_rationale,2026_AIME_I_P07,g-n5-m4-e6b58e28f5d141e8,4,0,C,C,1,1,0,12,12,37347,25932,0,0,0,0,0,0,0,12,0,0,0,0,0,452.0188228264451,0.9,ceiling
run-spec-e89de3923bf4c5cea5f1,full_rationale,2026_AIME_I_P07,g-n5-m8-d7ed48430d5f1b67,8,0,C,C,1,1,0,14,14,64061,37192,0,0,0,0,0,0,0,14,0,0,0,0,0,698.5730766132474,0.9,ceiling
run-spec-265a4cf964c931aa4598,full_rationale,2026_AIME_I_P07,g-n5-m8-7f3a9ce5d54de331,8,0,C,C,1,1,0,13,13,59556,30136,0,0,0,0,0,0,0,13,0,0,0,0,0,566.4907633364201,0.9,ceiling
run-spec-fa54374642458023de01,full_rationale,2026_AIME_I_P07,g-n5-m8-9970b4b974e58087,8,0,C,C,1,1,0,12,12,42560,26145,0,0,0,0,0,0,0,12,0,0,0,0,0,481.99587893113494,0.9,ceiling
run-spec-00d75f288b0efce9a3b5,full_rationale,2026_AIME_I_P07,g-n5-m12-e751609d27011f71,12,0,C,C,1,1,0,15,15,100027,35332,0,0,0,0,0,0,0,15,0,0,0,0,0,667.373271048069,0.9,ceiling
run-spec-13dea2eb15a93916a1ea,full_rationale,2026_AIME_I_P07,g-n5-m12-b7994e50c3403f63,12,0,C,C,1,1,0,16,16,97835,37627,0,0,0,0,0,0,0,16,0,0,0,0,0,706.9155017733574,0.9,ceiling
run-spec-1e28d4dadd366eb0d531,full_rationale,2026_AIME_I_P07,g-n5-m12-c2d302af32c23635,12,0,O,C,0,1,1,15,15,81218,31721,0,0,0,0,0,0,0,15,0,0,0,0,0,608.6521954722703,0.9,ceiling
run-spec-f57e57fd42ead34d6652,full_rationale,2026_AIME_I_P07,g-n5-m16-d8343258cfd33056,16,0,C,C,1,1,0,16,16,100205,31682,0,0,0,0,0,0,0,16,0,0,0,0,0,608.351243827492,0.9,ceiling
run-spec-2f66a59fb3572a431a41,full_rationale,2026_AIME_I_P07,g-n5-m4-fc174fd4cac969a2,4,0,C,C,1,1,0,16,16,53897,33885,0,0,0,0,0,0,0,16,0,0,0,0,0,649.1570907123387,0.9,ceiling
run-spec-448e1ebfc36519a4a861,full_rationale,2026_AIME_I_P07,g-n5-m4-c86f6be403cf7523,4,0,C,C,1,1,0,14,14,45156,29718,0,0,0,0,0,0,0,14,0,0,0,0,0,579.8363574668765,0.9,ceiling
run-spec-8c5999c74048145b139e,full_rationale,2026_AIME_I_P07,g-n5-m8-098c132ef3277e03,8,0,C,C,1,1,0,13,13,53340,27779,0,0,0,0,0,0,0,13,0,0,0,0,0,568.9006233289838,0.9,ceiling
run-spec-3da9132601f6ed3edc45,full_rationale,2026_AIME_I_P07,g-n5-m8-8cbea459f4a9f71d,8,0,C,C,1,1,0,14,14,69556,33294,0,0,0,0,0,0,0,14,0,0,0,0,0,662.6815611235797,0.9,ceiling
run-spec-f0a01b80f0568b93ad7a,full_rationale,2026_AIME_I_P07,g-n5-m12-aa67d00fd87be761,12,0,C,C,1,1,0,15,15,89793,32345,0,0,0,0,0,0,0,15,0,0,0,0,0,637.394263420254,0.9,ceiling
run-spec-66d5429258c513e68005,full_rationale,2026_AIME_I_P07,g-n5-m12-245b8a7d712cb4a0,12,0,C,C,1,1,0,15,15,79929,30079,0,0,0,0,0,0,0,15,0,0,0,0,0,586.8468804098666,0.9,ceiling
run-spec-413e70ff1be31bf19d34,full_rationale,2026_AIME_I_P08,g-n5-m4-020c02ee23fd10e6,4,0,C,C,1,1,0,14,14,54116,35531,0,0,0,0,0,0,0,14,0,0,0,0,0,694.5818356871605,1.0,ceiling
run-spec-9b175e788eabdc40cbe7,full_rationale,2026_AIME_I_P08,g-n5-m4-8ace11eb98f60ea5,4,0,C,C,1,1,0,13,13,43651,29917,0,0,0,0,0,0,0,13,0,0,0,0,0,587.8702751137316,1.0,ceiling
run-spec-bfd67eebd1d0d3b7f46a,full_rationale,2026_AIME_I_P08,g-n5-m4-e6b58e28f5d141e8,4,0,C,C,1,1,0,12,12,43545,32536,0,0,0,0,0,0,0,12,0,0,0,0,0,636.3559434898198,1.0,ceiling
run-spec-a74b1c816ade572949cc,full_rationale,2026_AIME_I_P08,g-n5-m8-d7ed48430d5f1b67,8,0,C,C,1,1,0,14,14,61119,30725,0,0,0,0,0,0,0,14,0,0,0,0,0,602.2502499446273,1.0,ceiling
run-spec-da2cb41a76e25e7be066,full_rationale,2026_AIME_I_P08,g-n5-m8-7f3a9ce5d54de331,8,0,C,C,1,1,0,13,13,54183,28213,0,0,0,0,0,0,0,13,0,0,0,0,0,556.7615617774427,1.0,ceiling
run-spec-e3e3df1cd83d1628f792,full_rationale,2026_AIME_I_P08,g-n5-m8-9970b4b974e58087,8,0,C,C,1,1,0,12,12,47488,28702,0,0,0,0,0,0,0,12,0,0,0,0,0,566.3512353599072,1.0,ceiling
run-spec-f4e2cb832001f3ca8dbb,full_rationale,2026_AIME_I_P08,g-n5-m12-e751609d27011f71,12,0,C,C,1,1,0,15,15,87118,32662,0,0,0,0,0,0,0,15,0,0,0,0,0,641.8750562928617,1.0,ceiling
run-spec-80a69c025f2003b6e38e,full_rationale,2026_AIME_I_P08,g-n5-m12-b7994e50c3403f63,12,0,C,C,1,1,0,16,16,89656,33414,0,0,0,0,0,0,0,16,0,0,0,0,0,655.9145768396556,1.0,ceiling
run-spec-f0b007d3b3a569145fe4,full_rationale,2026_AIME_I_P08,g-n5-m12-c2d302af32c23635,12,0,C,C,1,1,0,15,15,87591,32709,0,0,0,0,0,0,0,15,0,0,0,0,0,637.6817455068231,1.0,ceiling
run-spec-64d7ec9685e8a9a8ec74,full_rationale,2026_AIME_I_P08,g-n5-m16-d8343258cfd33056,16,0,C,C,1,1,0,16,16,110540,34227,0,0,0,0,0,0,0,16,0,0,0,0,0,682.666757773608,1.0,ceiling
run-spec-b9f2ae860f5841a6397c,full_rationale,2026_AIME_I_P08,g-n5-m4-fc174fd4cac969a2,4,0,C,C,1,1,0,16,16,57424,35386,0,0,0,0,0,0,0,16,0,0,0,0,0,700.9274869970977,1.0,ceiling
run-spec-4bfda3718744a6a81d9f,full_rationale,2026_AIME_I_P08,g-n5-m4-c86f6be403cf7523,4,0,C,C,1,1,0,14,14,49457,32955,0,0,0,0,0,0,0,14,0,0,0,0,0,653.9621143378317,1.0,ceiling
run-spec-c16a7cbea71be8220a82,full_rationale,2026_AIME_I_P08,g-n5-m8-098c132ef3277e03,8,0,O,C,0,1,1,13,13,56275,30181,0,0,0,0,0,0,0,13,0,0,0,0,0,584.2086014449596,1.0,ceiling
run-spec-1f0d9ed5ab05c33c12b9,full_rationale,2026_AIME_I_P08,g-n5-m8-8cbea459f4a9f71d,8,0,C,C,1,1,0,14,14,69112,32570,0,0,0,0,0,0,0,14,0,0,0,0,0,623.4821905829012,1.0,ceiling
run-spec-6ac7928ab72a90540a6c,full_rationale,2026_AIME_I_P08,g-n5-m12-aa67d00fd87be761,12,0,C,C,1,1,0,15,15,83913,31049,0,0,0,0,0,0,0,15,0,0,0,0,0,598.3754567429423,1.0,ceiling
run-spec-1045e604d81fbf31714d,full_rationale,2026_AIME_I_P08,g-n5-m12-245b8a7d712cb4a0,12,0,C,C,1,1,0,15,15,83829,31115,0,0,0,0,0,0,0,15,0,0,0,0,0,599.470865264535,1.0,ceiling
run-spec-8cb1aeafa870618ad4be,full_rationale,2026_AIME_I_P09,g-n5-m4-020c02ee23fd10e6,4,0,O,O,0,0,0,14,14,80806,50031,0,0,0,0,0,0,0,14,0,0,0,0,0,970.7149989232421,0.1,floor
run-spec-ac4fffc2d8f52e3c4135,full_rationale,2026_AIME_I_P09,g-n5-m4-8ace11eb98f60ea5,4,0,O,O,0,0,0,13,13,93084,62807,0,0,0,0,0,0,0,13,0,0,0,0,0,1356.0446010157466,0.1,floor
run-spec-7311c497b080f378f5a5,full_rationale,2026_AIME_I_P09,g-n5-m4-e6b58e28f5d141e8,4,0,O,O,0,0,0,12,12,129393,83589,0,0,0,0,0,1,1,12,0,0,0,0,0,2197.3236986361444,0.1,floor
run-spec-2fe6d6077654af598d65,full_rationale,2026_AIME_I_P09,g-n5-m8-d7ed48430d5f1b67,8,0,O,C,0,1,1,14,14,146836,67891,0,0,0,0,0,0,0,14,0,0,0,0,0,1585.0992600508034,0.1,floor
run-spec-8b4256820e5266c82bb6,full_rationale,2026_AIME_I_P09,g-n5-m8-7f3a9ce5d54de331,8,0,O,C,0,1,1,13,13,119789,59599,0,0,0,0,0,0,0,13,0,0,0,0,0,1366.2895266637206,0.1,floor
run-spec-f65cc72b733ef833d411,full_rationale,2026_AIME_I_P09,g-n5-m8-9970b4b974e58087,8,0,O,O,0,0,0,12,12,102444,60998,0,0,0,0,0,0,0,12,0,0,0,0,0,1626.168803498149,0.1,floor
run-spec-c3b57fba67060a98f970,full_rationale,2026_AIME_I_P09,g-n5-m12-e751609d27011f71,12,0,U,C,0,1,1,15,15,277422,102671,0,0,0,0,0,3,3,15,0,0,0,0,0,3453.6011719219387,0.1,floor
run-spec-20b70e400f5f33a85445,full_rationale,2026_AIME_I_P09,g-n5-m12-b7994e50c3403f63,12,0,O,O,0,0,0,16,16,197760,73376,0,0,0,0,0,0,0,16,0,0,0,0,0,2223.3590211085975,0.1,floor
run-spec-cade55cb34a37e4d6440,full_rationale,2026_AIME_I_P09,g-n5-m12-c2d302af32c23635,12,0,O,O,0,0,0,15,15,332407,104400,0,0,0,0,0,3,3,15,0,0,0,0,0,3570.087401114404,0.1,floor
run-spec-ae1356919336344b0cb2,full_rationale,2026_AIME_I_P09,g-n5-m16-d8343258cfd33056,16,0,O,O,0,0,0,16,16,265284,74899,0,0,0,0,0,0,0,16,0,0,0,0,0,2424.5073794163764,0.1,floor
run-spec-f0e60ab355a00a2589ce,full_rationale,2026_AIME_I_P09,g-n5-m4-fc174fd4cac969a2,4,0,O,C,0,1,1,16,16,131469,81946,0,0,0,0,0,0,0,16,0,0,0,0,0,2756.9641735963523,0.1,floor
run-spec-53cc45720f91add00700,full_rationale,2026_AIME_I_P09,g-n5-m4-c86f6be403cf7523,4,0,O,O,0,0,0,14,14,109217,67349,0,0,0,0,0,0,0,14,0,0,0,0,0,2100.638008426875,0.1,floor
run-spec-65c63eec21291f819cbe,full_rationale,2026_AIME_I_P09,g-n5-m8-098c132ef3277e03,8,0,O,O,0,0,0,13,13,125606,65591,0,0,0,0,0,0,0,13,0,0,0,0,0,2549.769936349243,0.1,floor
run-spec-d651d4ed281f688fe14b,full_rationale,2026_AIME_I_P09,g-n5-m8-8cbea459f4a9f71d,8,0,O,O,0,0,0,14,14,138106,61241,0,0,0,0,0,0,0,14,0,0,0,0,0,2514.930025666952,0.1,floor
run-spec-30bb5bd5346af2dace08,full_rationale,2026_AIME_I_P09,g-n5-m12-aa67d00fd87be761,12,0,C,O,1,0,-1,15,15,185621,58996,0,0,0,0,0,0,0,15,0,0,0,0,0,2452.726545933634,0.1,floor
run-spec-d46f8bebd6e532a6ca4f,full_rationale,2026_AIME_I_P09,g-n5-m12-245b8a7d712cb4a0,12,0,O,O,0,0,0,15,15,216854,74935,0,0,0,0,0,0,0,15,0,0,0,0,0,2869.0302431099117,0.1,floor
run-spec-1b9b2f2fd8b4d5d35a1a,full_rationale,2026_AIME_I_P10,g-n5-m4-020c02ee23fd10e6,4,0,O,O,0,0,0,14,14,132534,90265,0,0,0,0,0,1,1,14,0,0,0,0,0,3247.8229476846755,0.0,floor
run-spec-703471f0093637bd0382,full_rationale,2026_AIME_I_P10,g-n5-m4-8ace11eb98f60ea5,4,0,O,O,0,0,0,13,13,116349,79613,0,0,0,0,0,0,0,13,0,0,0,0,0,2839.1872319057584,0.0,floor
run-spec-0387f8ec21644dea4aba,full_rationale,2026_AIME_I_P10,g-n5-m4-e6b58e28f5d141e8,4,0,O,O,0,0,0,12,12,90404,63851,0,0,0,0,0,0,0,12,0,0,0,0,0,2253.214008908719,0.0,floor
run-spec-7cc2f429d93edd42b9f9,full_rationale,2026_AIME_I_P10,g-n5-m8-d7ed48430d5f1b67,8,0,O,O,0,0,0,14,14,150617,71093,0,0,0,0,0,0,0,14,0,0,0,0,0,2456.580541163683,0.0,floor
run-spec-cafa431d3a5e72a95ab7,full_rationale,2026_AIME_I_P10,g-n5-m8-7f3a9ce5d54de331,8,0,O,O,0,0,0,13,13,143215,71979,0,0,0,0,0,0,0,13,0,0,0,0,0,2420.151133876294,0.0,floor
run-spec-008872168d9e1a13b635,full_rationale,2026_AIME_I_P10,g-n5-m8-9970b4b974e58087,8,0,O,O,0,0,0,12,12,123094,71954,0,0,0,0,0,0,0,12,0,0,0,0,0,2359.5021445266902,0.0,floor
run-spec-a9d499597692e8c041b2,full_rationale,2026_AIME_I_P10,g-n5-m12-e751609d27011f71,12,0,O,O,0,0,0,15,15,213764,75399,0,0,0,0,0,0,0,15,0,0,0,0,0,2354.569922797382,0.0,floor
run-spec-b3a8952735ca34479f59,full_rationale,2026_AIME_I_P10,g-n5-m12-b7994e50c3403f63,12,0,O,O,0,0,0,16,16,234808,86170,0,0,0,0,0,0,0,16,0,0,0,0,0,2505.004746004939,0.0,floor
run-spec-408f0df37b5346f06b07,full_rationale,2026_AIME_I_P10,g-n5-m12-c2d302af32c23635,12,0,O,O,0,0,0,15,15,215241,80290,0,0,0,0,0,0,0,15,0,0,0,0,0,2348.265218961984,0.0,floor
run-spec-d25ac0b143b57710ff8c,full_rationale,2026_AIME_I_P10,g-n5-m16-d8343258cfd33056,16,0,O,O,0,0,0,16,16,257379,88041,0,0,0,0,0,0,0,16,0,0,0,0,0,2554.513618528843,0.0,floor
run-spec-62f72512c1a4a061bcdd,full_rationale,2026_AIME_I_P10,g-n5-m4-fc174fd4cac969a2,4,0,O,O,0,0,0,16,16,146236,92592,0,0,0,0,0,0,0,16,0,0,0,0,0,2748.346838198602,0.0,floor
run-spec-ea1e9613f7fc34e3af91,full_rationale,2026_AIME_I_P10,g-n5-m4-c86f6be403cf7523,4,0,O,O,0,0,0,14,14,119689,76720,0,0,0,0,0,0,0,14,0,0,0,0,0,2316.8373661227524,0.0,floor
run-spec-24e8870e4c59a3a23797,full_rationale,2026_AIME_I_P10,g-n5-m8-098c132ef3277e03,8,0,O,O,0,0,0,13,13,144970,75191,0,0,0,0,0,0,0,13,0,0,0,0,0,2238.9201513044536,0.0,floor
run-spec-d7f468899b7c711bf339,full_rationale,2026_AIME_I_P10,g-n5-m8-8cbea459f4a9f71d,8,0,O,O,0,0,0,14,14,170628,78672,0,0,0,0,0,0,0,14,0,0,0,0,0,2276.783040802926,0.0,floor
run-spec-f5141f48a31bb849f5ec,full_rationale,2026_AIME_I_P10,g-n5-m12-aa67d00fd87be761,12,0,O,O,0,0,0,15,15,206471,73479,0,0,0,0,0,0,0,15,0,0,0,0,0,2145.286973565817,0.0,floor
run-spec-2d01fa371b5c0cd82a9e,full_rationale,2026_AIME_I_P10,g-n5-m12-245b8a7d712cb4a0,12,0,O,O,0,0,0,15,15,205693,75622,0,0,0,0,0,0,0,15,0,0,0,0,0,2147.4001230970025,0.0,floor
run-spec-f98429ff75fac27c2478,full_rationale,2026_AIME_I_P11,g-n5-m4-020c02ee23fd10e6,4,0,O,C,0,1,1,14,14,100549,60986,0,0,0,0,0,0,0,14,0,0,0,0,0,1777.9680610485375,0.4,informative
run-spec-9299639241671fdaaf11,full_rationale,2026_AIME_I_P11,g-n5-m4-8ace11eb98f60ea5,4,0,C,O,1,0,-1,13,13,86367,55551,0,0,0,0,0,0,0,13,0,0,0,0,0,1542.913658156991,0.4,informative
run-spec-3746b04d5b0653485528,full_rationale,2026_AIME_I_P11,g-n5-m4-e6b58e28f5d141e8,4,0,O,C,0,1,1,12,12,80285,54355,0,0,0,0,0,0,0,12,0,0,0,0,0,1498.7192531190813,0.4,informative
run-spec-dee6153cc5ab4fbd1c47,full_rationale,2026_AIME_I_P11,g-n5-m8-d7ed48430d5f1b67,8,0,C,C,1,1,0,14,14,115116,51344,0,0,0,0,0,0,0,14,0,0,0,0,0,1399.9835354313254,0.4,informative
run-spec-086169fe8e9307d27b53,full_rationale,2026_AIME_I_P11,g-n5-m8-7f3a9ce5d54de331,8,0,C,O,1,0,-1,13,13,120193,61772,0,0,0,0,0,0,0,13,0,0,0,0,0,1665.6813512705266,0.4,informative
run-spec-91ff4ff420f98acf1783,full_rationale,2026_AIME_I_P11,g-n5-m8-9970b4b974e58087,8,0,O,C,0,1,1,12,12,101053,56736,0,0,0,0,0,0,0,12,0,0,0,0,0,1511.9624024182558,0.4,informative
run-spec-b8d840b9f14b36cd0820,full_rationale,2026_AIME_I_P11,g-n5-m12-e751609d27011f71,12,0,O,C,0,1,1,15,15,202825,66509,0,0,0,0,0,0,0,15,0,0,0,0,0,1847.077569887042,0.4,informative
run-spec-0fb698dec55e2905049d,full_rationale,2026_AIME_I_P11,g-n5-m12-b7994e50c3403f63,12,0,C,C,1,1,0,16,16,211019,71903,0,0,0,0,0,0,0,16,0,0,0,0,0,2006.2940158471465,0.4,informative
run-spec-c767ba30ebc69f777a57,full_rationale,2026_AIME_I_P11,g-n5-m12-c2d302af32c23635,12,0,C,C,1,1,0,15,15,160725,54311,0,0,0,0,0,0,0,15,0,0,0,0,0,1526.7000243514776,0.4,informative
run-spec-78dfcf77f8d853d623b3,full_rationale,2026_AIME_I_P11,g-n5-m16-d8343258cfd33056,16,0,U,O,0,0,0,16,16,195230,62191,0,0,0,0,0,1,1,16,0,0,0,0,0,1751.5118637531996,0.4,informative
run-spec-267f2a09a724853f9594,full_rationale,2026_AIME_I_P11,g-n5-m4-fc174fd4cac969a2,4,0,O,C,0,1,1,16,16,113439,68088,0,0,0,0,0,0,0,16,0,0,0,0,0,1925.436781771481,0.4,informative
run-spec-6818b3112965a68e7b46,full_rationale,2026_AIME_I_P11,g-n5-m4-c86f6be403cf7523,4,0,C,C,1,1,0,14,14,96037,56266,0,0,0,0,0,0,0,14,0,0,0,0,0,1615.0735153257847,0.4,informative
run-spec-68766b190a41aee77afb,full_rationale,2026_AIME_I_P11,g-n5-m8-098c132ef3277e03,8,0,C,C,1,1,0,13,13,101093,50323,0,0,0,0,0,0,0,13,0,0,0,0,0,1467.8550856336951,0.4,informative
run-spec-bdcc00ad2abea86ab70c,full_rationale,2026_AIME_I_P11,g-n5-m8-8cbea459f4a9f71d,8,0,O,C,0,1,1,14,14,140283,59482,0,0,0,0,0,0,0,14,0,0,0,0,0,1719.5724611841142,0.4,informative
run-spec-260ee07d6ded7f745e47,full_rationale,2026_AIME_I_P11,g-n5-m12-aa67d00fd87be761,12,0,C,C,1,1,0,15,15,190071,65894,0,0,0,0,0,0,0,15,0,0,0,0,0,1923.6496025770903,0.4,informative
run-spec-0923df6fc3ea3445d375,full_rationale,2026_AIME_I_P11,g-n5-m12-245b8a7d712cb4a0,12,0,O,O,0,0,0,15,15,194789,68142,0,0,0,0,0,0,0,15,0,0,0,0,0,1934.6781167834997,0.4,informative
run-spec-c8fb3692c8737e663e35,full_rationale,2026_AIME_I_P12,g-n5-m4-020c02ee23fd10e6,4,0,C,C,1,1,0,14,14,74084,45392,0,0,0,0,0,0,0,14,0,0,0,0,0,1390.2651021257043,0.8,informative
run-spec-c6f9d4a918ea4530ddc2,full_rationale,2026_AIME_I_P12,g-n5-m4-8ace11eb98f60ea5,4,0,C,C,1,1,0,13,13,62298,41712,0,0,0,0,0,0,0,13,0,0,0,0,0,1314.0291471518576,0.8,informative
run-spec-a17046c59f4f55b700c7,full_rationale,2026_AIME_I_P12,g-n5-m4-e6b58e28f5d141e8,4,0,C,C,1,1,0,12,12,69173,49966,0,0,0,0,0,0,0,12,0,0,0,0,0,1315.196670781821,0.8,informative
run-spec-4a3c13ca7e3eeab4b919,full_rationale,2026_AIME_I_P12,g-n5-m8-d7ed48430d5f1b67,8,0,C,C,1,1,0,14,14,89340,48399,0,0,0,0,0,0,0,14,0,0,0,0,0,1265.336998987943,0.8,informative
run-spec-ff04ebad701936b41753,full_rationale,2026_AIME_I_P12,g-n5-m8-7f3a9ce5d54de331,8,0,C,C,1,1,0,13,13,97067,47248,0,0,0,0,0,0,0,13,0,0,0,0,0,1222.404495023191,0.8,informative
run-spec-ba3c03e04f37b8c54c4e,full_rationale,2026_AIME_I_P12,g-n5-m8-9970b4b974e58087,8,0,C,C,1,1,0,12,12,72737,48823,0,0,0,0,0,1,1,12,0,0,0,0,0,1268.872591547668,0.8,informative
run-spec-10dd560f6ff6aa0164f1,full_rationale,2026_AIME_I_P12,g-n5-m12-e751609d27011f71,12,0,C,C,1,1,0,15,15,249147,77857,0,0,0,0,0,2,2,15,0,0,0,0,0,2187.5191938467324,0.8,informative
run-spec-4d313e9f3064588d96ce,full_rationale,2026_AIME_I_P12,g-n5-m12-b7994e50c3403f63,12,0,C,O,1,0,-1,16,16,145623,53807,0,0,0,0,0,0,1,16,0,0,0,0,0,1454.1965098120272,0.8,informative
run-spec-c3be7848c7b3d4a022f7,full_rationale,2026_AIME_I_P12,g-n5-m12-c2d302af32c23635,12,0,C,C,1,1,0,15,15,127334,47621,0,0,0,0,0,0,0,15,0,0,0,0,0,1282.3393922634423,0.8,informative
run-spec-5888160ea60c1dfc1572,full_rationale,2026_AIME_I_P12,g-n5-m16-d8343258cfd33056,16,0,C,C,1,1,0,16,16,152164,42568,0,0,0,0,0,0,0,16,0,0,0,0,0,1113.993664097041,0.8,informative
run-spec-f9fbb36abcc22b621e33,full_rationale,2026_AIME_I_P12,g-n5-m4-fc174fd4cac969a2,4,0,C,C,1,1,0,16,16,97587,60241,0,0,0,0,0,0,0,16,0,0,0,0,0,1696.7262153327465,0.8,informative
run-spec-36a780df13ed8fe6469f,full_rationale,2026_AIME_I_P12,g-n5-m4-c86f6be403cf7523,4,0,C,C,1,1,0,14,14,83548,52261,0,0,0,0,0,0,0,14,0,0,0,0,0,1473.335317157209,0.8,informative
run-spec-3e9be502d1e5eb476e28,full_rationale,2026_AIME_I_P12,g-n5-m8-098c132ef3277e03,8,0,C,C,1,1,0,13,13,95191,48273,0,0,0,0,0,0,0,13,0,0,0,0,0,1390.9237841181457,0.8,informative
run-spec-2118b8c2bf742fa3aa51,full_rationale,2026_AIME_I_P12,g-n5-m8-8cbea459f4a9f71d,8,0,C,C,1,1,0,14,14,102632,50473,0,0,0,0,0,0,0,14,0,0,0,0,0,1505.4471487291157,0.8,informative
run-spec-959b0a2843db76b575ed,full_rationale,2026_AIME_I_P12,g-n5-m12-aa67d00fd87be761,12,0,U,C,0,1,1,15,15,139373,58286,0,0,0,0,0,1,2,15,0,0,0,0,0,1637.8878807760775,0.8,informative
run-spec-74b55be968a1d7b1247f,full_rationale,2026_AIME_I_P12,g-n5-m12-245b8a7d712cb4a0,12,0,C,C,1,1,0,15,15,147332,51703,0,0,0,0,0,0,0,15,0,0,0,0,0,1457.5032339058816,0.8,informative
run-spec-15803afe1925f5209e34,full_rationale,2026_AIME_I_P13,g-n5-m4-020c02ee23fd10e6,4,0,O,C,0,1,1,14,14,86067,52705,0,0,0,0,0,0,0,14,0,0,0,0,0,1488.2271321862936,0.1,floor
run-spec-6d6a28c2d4c207d87331,full_rationale,2026_AIME_I_P13,g-n5-m4-8ace11eb98f60ea5,4,0,O,C,0,1,1,13,13,88089,55231,0,0,0,0,0,0,0,13,0,0,0,0,0,1532.9350802451372,0.1,floor
run-spec-1bc8bd2d7447ce063554,full_rationale,2026_AIME_I_P13,g-n5-m4-e6b58e28f5d141e8,4,0,O,C,0,1,1,12,12,83196,55673,0,0,0,0,0,0,0,12,0,0,0,0,0,1517.405894704163,0.1,floor
run-spec-15aee3933a374b72cdce,full_rationale,2026_AIME_I_P13,g-n5-m8-d7ed48430d5f1b67,8,0,C,O,1,0,-1,14,14,162212,72571,0,0,0,0,0,1,1,14,0,0,0,0,0,2039.923489101231,0.1,floor
run-spec-8d5f5b7958755bcaba7f,full_rationale,2026_AIME_I_P13,g-n5-m8-7f3a9ce5d54de331,8,0,O,O,0,0,0,13,13,113650,58367,0,0,0,0,0,0,0,13,0,0,0,0,0,1578.3397262431681,0.1,floor
run-spec-f76c399e57cbeb4fb2b3,full_rationale,2026_AIME_I_P13,g-n5-m8-9970b4b974e58087,8,0,C,C,1,1,0,12,12,110729,59310,0,0,0,0,0,0,0,12,0,0,0,0,0,1598.8947315365076,0.1,floor
run-spec-d88fe5aef98d79eebb25,full_rationale,2026_AIME_I_P13,g-n5-m12-e751609d27011f71,12,0,O,O,0,0,0,15,15,179734,58112,0,0,0,0,0,0,0,15,0,0,0,0,0,1566.041417311877,0.1,floor
run-spec-37a9993f82efc133af35,full_rationale,2026_AIME_I_P13,g-n5-m12-b7994e50c3403f63,12,0,O,C,0,1,1,16,16,161341,52457,0,0,0,0,0,0,0,16,0,0,0,0,0,1413.5405031479895,0.1,floor
run-spec-35652bd381a2bc1cfcea,full_rationale,2026_AIME_I_P13,g-n5-m12-c2d302af32c23635,12,0,O,C,0,1,1,15,15,148810,47786,0,0,0,0,0,0,0,15,0,0,0,0,0,1270.8431988805532,0.1,floor
run-spec-ae6398aee5d187ef936a,full_rationale,2026_AIME_I_P13,g-n5-m16-d8343258cfd33056,16,0,O,O,0,0,0,16,16,249921,70319,0,0,0,0,0,0,0,16,0,0,0,0,0,1913.0671997703612,0.1,floor
run-spec-c53cdaa3b74285bc3d4e,full_rationale,2026_AIME_I_P13,g-n5-m4-fc174fd4cac969a2,4,0,O,C,0,1,1,16,16,122132,77309,0,0,0,0,0,0,0,16,0,0,0,0,0,2109.5350634753704,0.1,floor
run-spec-d419a32b7b30d67d6b3f,full_rationale,2026_AIME_I_P13,g-n5-m4-c86f6be403cf7523,4,0,O,C,0,1,1,14,14,100179,58885,0,0,0,0,0,0,0,14,0,0,0,0,0,1683.02825377509,0.1,floor
run-spec-4b85344ee9982e507dbd,full_rationale,2026_AIME_I_P13,g-n5-m8-098c132ef3277e03,8,0,O,O,0,0,0,13,13,116067,56982,0,0,0,0,0,0,0,13,0,0,0,0,0,1636.6114556081593,0.1,floor
run-spec-109171ff62c87da08378,full_rationale,2026_AIME_I_P13,g-n5-m8-8cbea459f4a9f71d,8,0,O,O,0,0,0,14,14,144277,61173,0,0,0,0,0,0,0,14,0,0,0,0,0,1743.341774057597,0.1,floor
run-spec-c87f2fa6ca3672c21105,full_rationale,2026_AIME_I_P13,g-n5-m12-aa67d00fd87be761,12,0,C,O,1,0,-1,15,15,161180,50242,0,0,0,0,0,0,0,15,0,0,0,0,0,1480.103459622711,0.1,floor
run-spec-5d75a0bc50bd15e1c424,full_rationale,2026_AIME_I_P13,g-n5-m12-245b8a7d712cb4a0,12,0,O,O,0,0,0,15,15,167762,54867,0,0,0,0,0,0,0,15,0,0,0,0,0,1527.5665528066456,0.1,floor
run-spec-2161b6f1a4fb24d26627,full_rationale,2026_AIME_I_P14,g-n5-m4-020c02ee23fd10e6,4,0,O,O,0,0,0,14,14,127622,81505,0,0,0,0,0,0,0,14,0,0,0,0,0,2308.275155633688,0.0,floor
run-spec-2090d59909cd47289f8a,full_rationale,2026_AIME_I_P14,g-n5-m4-8ace11eb98f60ea5,4,0,O,O,0,0,0,13,13,119098,82981,0,0,0,0,0,0,1,13,0,0,0,0,0,2360.078993652016,0.0,floor
run-spec-cbe2802ed92ebe5dc7a7,full_rationale,2026_AIME_I_P14,g-n5-m4-e6b58e28f5d141e8,4,0,O,O,0,0,0,12,12,129043,92209,0,0,0,0,0,2,2,12,0,0,0,0,0,2712.0342532023787,0.0,floor
run-spec-e218f2219942e9ef1a05,full_rationale,2026_AIME_I_P14,g-n5-m8-d7ed48430d5f1b67,8,0,O,O,0,0,0,14,14,195873,87195,0,0,0,0,0,1,3,14,0,0,0,0,0,2526.231398910284,0.0,floor
run-spec-7d744a4ca0e9ad5d27a1,full_rationale,2026_AIME_I_P14,g-n5-m8-7f3a9ce5d54de331,8,0,O,O,0,0,0,13,13,144894,77175,0,0,0,0,0,1,1,13,0,0,0,0,0,2164.6061835996807,0.0,floor
run-spec-21f0a7b3249babbce9c8,full_rationale,2026_AIME_I_P14,g-n5-m8-9970b4b974e58087,8,0,O,U,0,0,0,12,12,122932,69207,0,0,0,0,0,0,7,12,0,0,0,0,0,2061.8725599199533,0.0,floor
run-spec-71c32497fa5d5630a765,full_rationale,2026_AIME_I_P14,g-n5-m12-e751609d27011f71,12,0,O,O,0,0,0,15,15,241571,95669,0,0,0,0,0,1,2,15,0,0,0,0,0,2928.9039219915867,0.0,floor
run-spec-cea06f7b23e702099c1f,full_rationale,2026_AIME_I_P14,g-n5-m12-b7994e50c3403f63,12,0,O,O,0,0,0,16,16,287658,101785,0,0,0,0,0,2,2,16,0,0,0,0,0,3106.775758113712,0.0,floor
run-spec-2193db68b731343bdb22,full_rationale,2026_AIME_I_P14,g-n5-m12-c2d302af32c23635,12,0,O,O,0,0,0,15,15,203334,75878,0,0,0,0,0,0,5,15,0,0,0,0,0,2380.3635764308274,0.0,floor
run-spec-7d10c610ebd5438b30cb,full_rationale,2026_AIME_I_P14,g-n5-m16-d8343258cfd33056,16,0,O,O,0,0,0,16,16,268258,76939,0,0,0,0,0,0,0,16,0,0,0,0,0,2491.833799608052,0.0,floor
run-spec-6a103d4de9ad79933a53,full_rationale,2026_AIME_I_P14,g-n5-m4-fc174fd4cac969a2,4,0,O,O,0,0,0,16,16,151182,94781,0,0,0,0,0,0,0,16,0,0,0,0,0,3002.2028154842556,0.0,floor
run-spec-f867adeeb33b15b5cec0,full_rationale,2026_AIME_I_P14,g-n5-m4-c86f6be403cf7523,4,0,O,O,0,0,0,14,14,137399,88479,0,0,0,0,0,1,2,14,0,0,0,0,0,2818.8897036388516,0.0,floor
run-spec-6c8c420edb56a1a47c6e,full_rationale,2026_AIME_I_P14,g-n5-m8-098c132ef3277e03,8,0,O,O,0,0,0,13,13,146540,76556,0,0,0,0,0,0,0,13,0,0,0,0,0,2439.3253360651433,0.0,floor
run-spec-cc0ce807558a3407b66f,full_rationale,2026_AIME_I_P14,g-n5-m8-8cbea459f4a9f71d,8,0,O,O,0,0,0,14,14,161174,75754,0,0,0,0,0,0,0,14,0,0,0,0,0,2410.5270433090627,0.0,floor
run-spec-131973cee44c4368071a,full_rationale,2026_AIME_I_P14,g-n5-m12-aa67d00fd87be761,12,0,O,O,0,0,0,15,15,219356,83094,0,0,0,0,0,0,0,15,0,0,0,0,0,2609.1962023302913,0.0,floor
run-spec-3a4e8e033652a69c0290,full_rationale,2026_AIME_I_P14,g-n5-m12-245b8a7d712cb4a0,12,0,O,O,0,0,0,15,15,211836,74253,0,0,0,0,0,0,0,15,0,0,0,0,0,2309.4571626484394,0.0,floor
run-spec-14be3bf49918b06c1f15,full_rationale,2026_AIME_I_P15,g-n5-m4-020c02ee23fd10e6,4,0,O,O,0,0,0,14,14,97256,61639,0,0,0,0,0,0,0,14,0,0,0,0,0,1926.78719368577,0.0,floor
run-spec-8645a9cf568d7a683e72,full_rationale,2026_AIME_I_P15,g-n5-m4-8ace11eb98f60ea5,4,0,O,O,0,0,0,13,13,158513,102891,0,0,0,0,0,3,6,13,0,0,0,0,0,3254.7763876616955,0.0,floor
run-spec-6f2f21c109deb104a6c0,full_rationale,2026_AIME_I_P15,g-n5-m4-e6b58e28f5d141e8,4,0,O,O,0,0,0,12,12,101717,64454,0,0,0,0,0,1,3,12,0,0,0,0,0,1866.8429147303104,0.0,floor
run-spec-4e7bc958a7f664c185e2,full_rationale,2026_AIME_I_P15,g-n5-m8-d7ed48430d5f1b67,8,0,O,O,0,0,0,14,14,126598,56382,0,0,0,0,0,0,2,14,0,0,0,0,0,1590.0135605335236,0.0,floor
run-spec-42db44ae1a7c7a6f5c06,full_rationale,2026_AIME_I_P15,g-n5-m8-7f3a9ce5d54de331,8,0,O,O,0,0,0,13,13,146032,71051,0,0,0,0,0,1,1,13,0,0,0,0,0,2245.152075152844,0.0,floor
run-spec-ea5060f75062b4926f2b,full_rationale,2026_AIME_I_P15,g-n5-m8-9970b4b974e58087,8,0,O,O,0,0,0,12,12,139517,81696,0,0,0,0,0,2,2,12,0,0,0,0,0,2813.3060785755515,0.0,floor
run-spec-9210ff08c48c835fa043,full_rationale,2026_AIME_I_P15,g-n5-m12-e751609d27011f71,12,0,U,O,0,0,0,15,15,203668,69781,0,0,0,0,0,0,3,15,0,0,0,0,0,2290.782975241542,0.0,floor
run-spec-ff7f3b0cd7dca1c6ea9e,full_rationale,2026_AIME_I_P15,g-n5-m12-b7994e50c3403f63,12,0,U,O,0,0,0,16,16,223331,91263,0,0,0,0,0,2,6,16,0,0,0,0,0,3157.5682616643608,0.0,floor
run-spec-a40eb5111900c7664958,full_rationale,2026_AIME_I_P15,g-n5-m12-c2d302af32c23635,12,0,O,O,0,0,0,15,15,162249,61015,0,0,0,0,0,0,0,15,0,0,0,0,0,2175.8942863941193,0.0,floor
run-spec-d4f9b26c056acd35cdd0,full_rationale,2026_AIME_I_P15,g-n5-m16-d8343258cfd33056,16,0,O,O,0,0,0,16,16,257622,67194,0,0,0,0,0,1,1,16,0,0,0,0,0,2432.478411216289,0.0,floor
run-spec-ebcdf9483e6811a55694,full_rationale,2026_AIME_I_P15,g-n5-m4-fc174fd4cac969a2,4,0,O,O,0,0,0,16,16,127909,79105,0,0,0,0,0,0,1,16,0,0,0,0,0,2824.550863120705,0.0,floor
run-spec-318525bab4ba81b2b8ad,full_rationale,2026_AIME_I_P15,g-n5-m4-c86f6be403cf7523,4,0,U,U,0,0,0,14,14,121657,83724,0,0,0,0,0,2,8,14,0,0,0,0,0,2883.710518527776,0.0,floor
run-spec-f2cfca3846346cd57032,full_rationale,2026_AIME_I_P15,g-n5-m8-098c132ef3277e03,8,0,O,O,0,0,0,13,13,134759,65727,0,0,0,0,0,0,4,13,0,0,0,0,0,2434.773438669741,0.0,floor
run-spec-0ad6b293885ce1f1955d,full_rationale,2026_AIME_I_P15,g-n5-m8-8cbea459f4a9f71d,8,0,U,O,0,0,0,14,14,145969,61792,0,0,0,0,0,0,1,14,0,0,0,0,0,2330.0400770269334,0.0,floor
run-spec-29dc407da5343e8b32ba,full_rationale,2026_AIME_I_P15,g-n5-m12-aa67d00fd87be761,12,0,O,U,0,0,0,15,15,177001,57618,0,0,0,0,0,0,12,15,0,0,0,0,0,2181.1572691313922,0.0,floor
run-spec-b5793e43f7cef197e41c,full_rationale,2026_AIME_I_P15,g-n5-m12-245b8a7d712cb4a0,12,0,O,O,0,0,0,15,15,280380,80791,0,0,0,0,0,2,2,15,0,0,0,0,0,2731.69588727504,0.0,floor
run-spec-92389f0b529e1159ff38,full_rationale,2026_AIME_II_P01,g-n5-m4-020c02ee23fd10e6,4,0,C,C,1,1,0,14,14,30008,19947,0,0,0,0,0,0,0,14,0,0,0,0,0,851.5232861302793,0.6,informative
run-spec-9d2045ce6da4f50c1728,full_rationale,2026_AIME_II_P01,g-n5-m4-8ace11eb98f60ea5,4,0,O,C,0,1,1,13,13,28124,19914,0,0,0,0,0,0,0,13,0,0,0,0,0,823.8895832933486,0.6,informative
run-spec-af09a99035317db3fd8c,full_rationale,2026_AIME_II_P01,g-n5-m4-e6b58e28f5d141e8,4,0,C,C,1,1,0,12,12,24283,17111,0,0,0,0,0,0,0,12,0,0,0,0,0,594.7775440141559,0.6,informative
run-spec-70fa7bd06afda0eed527,full_rationale,2026_AIME_II_P01,g-n5-m8-d7ed48430d5f1b67,8,0,C,C,1,1,0,14,14,42192,21869,0,0,0,0,0,0,0,14,0,0,0,0,0,736.7010105028749,0.6,informative
run-spec-60cfa50b4017612099e2,full_rationale,2026_AIME_II_P01,g-n5-m8-7f3a9ce5d54de331,8,0,O,C,0,1,1,13,13,39768,20105,0,0,0,0,0,0,0,13,0,0,0,0,0,675.4904429167509,0.6,informative
run-spec-e73fd4f777a6de5d8760,full_rationale,2026_AIME_II_P01,g-n5-m8-9970b4b974e58087,8,0,C,C,1,1,0,12,12,31565,19623,0,0,0,0,0,0,0,12,0,0,0,0,0,536.4394011832774,0.6,informative
run-spec-6d5f4e162a632f6d6df3,full_rationale,2026_AIME_II_P01,g-n5-m12-e751609d27011f71,12,0,C,C,1,1,0,15,15,56584,21122,0,0,0,0,0,0,0,15,0,0,0,0,0,579.4575489759445,0.6,informative
run-spec-cc1a7eca28dd87c79737,full_rationale,2026_AIME_II_P01,g-n5-m12-b7994e50c3403f63,12,0,C,C,1,1,0,16,16,58562,22821,0,0,0,0,0,0,0,16,0,0,0,0,0,647.4449046850204,0.6,informative
run-spec-fe14d5bfeedf2fec82d3,full_rationale,2026_AIME_II_P01,g-n5-m12-c2d302af32c23635,12,0,C,O,1,0,-1,15,15,52317,20442,0,0,0,0,0,0,0,15,0,0,0,0,0,564.7430195435882,0.6,informative
run-spec-3a504fd3826ab51eac02,full_rationale,2026_AIME_II_P01,g-n5-m16-d8343258cfd33056,16,0,O,C,0,1,1,16,16,79933,25011,0,0,0,0,0,0,0,16,0,0,0,0,0,736.3256016038358,0.6,informative
run-spec-6165222e345deaa610d3,full_rationale,2026_AIME_II_P01,g-n5-m4-fc174fd4cac969a2,4,0,C,C,1,1,0,16,16,38898,23922,0,0,0,0,0,0,0,16,0,0,0,0,0,697.5933565981686,0.6,informative
run-spec-a4430f374a256007acc8,full_rationale,2026_AIME_II_P01,g-n5-m4-c86f6be403cf7523,4,0,C,C,1,1,0,14,14,33016,21636,0,0,0,0,0,0,0,14,0,0,0,0,0,610.6052663214505,0.6,informative
run-spec-fc8b6109c42570373564,full_rationale,2026_AIME_II_P01,g-n5-m8-098c132ef3277e03,8,0,O,O,0,0,0,13,13,30747,16391,0,0,0,0,0,0,0,13,0,0,0,0,0,444.0161189734936,0.6,informative
run-spec-a2ef3ffdfbcc8cd8916c,full_rationale,2026_AIME_II_P01,g-n5-m8-8cbea459f4a9f71d,8,0,O,C,0,1,1,14,14,51926,23773,0,0,0,0,0,0,0,14,0,0,0,0,0,735.5633194260299,0.6,informative
run-spec-ad30b4326bd6a5a91732,full_rationale,2026_AIME_II_P01,g-n5-m12-aa67d00fd87be761,12,0,C,C,1,1,0,15,15,59794,21802,0,0,0,0,0,0,0,15,0,0,0,0,0,658.17311264202,0.6,informative
run-spec-42232740d64ef8abc0ba,full_rationale,2026_AIME_II_P01,g-n5-m12-245b8a7d712cb4a0,12,0,C,C,1,1,0,15,15,55488,21005,0,0,0,0,0,0,0,15,0,0,0,0,0,752.2976757660508,0.6,informative
run-spec-a1fbc0dd1ce9df6f8a5e,full_rationale,2026_AIME_II_P02,g-n5-m4-020c02ee23fd10e6,4,0,U,O,0,0,0,14,14,204670,132698,0,0,0,0,0,6,6,14,0,0,0,0,0,5977.151137884706,0.1,floor
run-spec-af52243efd150a3b608e,full_rationale,2026_AIME_II_P02,g-n5-m4-8ace11eb98f60ea5,4,0,U,O,0,0,0,13,13,152305,115486,0,0,0,0,0,4,4,13,0,0,0,0,0,4673.3960372805595,0.1,floor
run-spec-584f05257d8368a69951,full_rationale,2026_AIME_II_P02,g-n5-m4-e6b58e28f5d141e8,4,0,U,U,0,0,0,12,12,159408,129714,0,0,0,0,0,6,6,12,0,0,0,0,0,5375.467036884278,0.1,floor
run-spec-7493db99f04606c58f71,full_rationale,2026_AIME_II_P02,g-n5-m8-d7ed48430d5f1b67,8,0,O,O,0,0,0,14,14,284652,158053,0,0,0,0,0,7,7,14,0,0,0,0,0,7616.459491174668,0.1,floor
run-spec-fc2a906fd9a80c7cd021,full_rationale,2026_AIME_II_P02,g-n5-m8-7f3a9ce5d54de331,8,0,O,U,0,0,0,13,13,322748,182937,0,0,0,0,0,10,10,13,0,0,0,0,0,8893.938428170979,0.1,floor
run-spec-145ea062d680ffd18359,full_rationale,2026_AIME_II_P02,g-n5-m8-9970b4b974e58087,8,0,O,O,0,0,0,12,12,130354,71344,0,0,0,0,0,0,1,12,0,0,0,0,0,2004.214050654322,0.1,floor
run-spec-0cd7cdf69b1d25ef9288,full_rationale,2026_AIME_II_P02,g-n5-m12-e751609d27011f71,12,0,O,C,0,1,1,15,15,523334,175161,0,0,0,0,0,9,9,15,0,0,0,0,0,8397.633257679641,0.1,floor
run-spec-7897ccc1e908e57ae067,full_rationale,2026_AIME_II_P02,g-n5-m12-b7994e50c3403f63,12,0,O,O,0,0,0,16,16,413189,135320,0,0,0,0,0,6,6,16,0,0,0,0,0,6521.72030621022,0.1,floor
run-spec-a6423216927a7adbc55d,full_rationale,2026_AIME_II_P02,g-n5-m12-c2d302af32c23635,12,0,O,C,0,1,1,15,15,425979,136683,0,0,0,0,0,6,6,15,0,0,0,0,0,6296.823765449226,0.1,floor
run-spec-543e588fa9b3f413156f,full_rationale,2026_AIME_II_P02,g-n5-m16-d8343258cfd33056,16,0,U,O,0,0,0,16,16,597367,150565,0,0,0,0,0,7,8,16,0,0,0,0,0,7198.573684681207,0.1,floor
run-spec-a94ac8f5194275dd3930,full_rationale,2026_AIME_II_P02,g-n5-m4-fc174fd4cac969a2,4,0,U,O,0,0,0,16,16,183649,113797,0,0,0,0,0,4,4,16,0,0,0,0,0,5098.536230612546,0.1,floor
run-spec-af14ef19c0f48137bd47,full_rationale,2026_AIME_II_P02,g-n5-m4-c86f6be403cf7523,4,0,U,O,0,0,0,14,14,186664,114092,0,0,0,0,0,5,5,14,0,0,0,0,0,5388.996906213462,0.1,floor
run-spec-b6ff098283714838c01e,full_rationale,2026_AIME_II_P02,g-n5-m8-098c132ef3277e03,8,0,U,O,0,0,0,13,13,250776,130000,0,0,0,0,0,6,6,13,0,0,0,0,0,7599.932989671826,0.1,floor
run-spec-0ffb9e9c1714678814ee,full_rationale,2026_AIME_II_P02,g-n5-m8-8cbea459f4a9f71d,8,0,O,O,0,0,0,14,14,301291,130908,0,0,0,0,0,5,5,14,0,0,0,0,0,6860.225944891572,0.1,floor
run-spec-f800c7c33e848f905d73,full_rationale,2026_AIME_II_P02,g-n5-m12-aa67d00fd87be761,12,0,U,O,0,0,0,15,15,477174,145638,0,0,0,0,0,7,8,15,0,0,0,0,0,7364.776545658708,0.1,floor
run-spec-1225c93b6c0c1bbcadf5,full_rationale,2026_AIME_II_P02,g-n5-m12-245b8a7d712cb4a0,12,0,O,O,0,0,0,15,15,421567,141261,0,0,0,0,0,6,6,15,0,0,0,0,0,7090.224078513682,0.1,floor
run-spec-34b3bb97ca927cbd1bce,full_rationale,2026_AIME_II_P03,g-n5-m4-020c02ee23fd10e6,4,0,O,C,0,1,1,14,14,90854,58588,0,0,0,0,0,0,2,14,0,0,0,0,0,3199.5562393032014,0.2,informative
run-spec-e7c38669b9e3e091e6f4,full_rationale,2026_AIME_II_P03,g-n5-m4-8ace11eb98f60ea5,4,0,C,C,1,1,0,13,13,86063,58679,0,0,0,0,0,0,0,13,0,0,0,0,0,3067.7303004078567,0.2,informative
run-spec-a3a0df67ff900821a166,full_rationale,2026_AIME_II_P03,g-n5-m4-e6b58e28f5d141e8,4,0,U,O,0,0,0,12,12,93361,67195,0,0,0,0,0,1,1,12,0,0,0,0,0,3386.4959286674857,0.2,informative
run-spec-2a05b72cde959546eac7,full_rationale,2026_AIME_II_P03,g-n5-m8-d7ed48430d5f1b67,8,0,O,O,0,0,0,14,14,132951,62602,0,0,0,0,0,0,0,14,0,0,0,0,0,3131.184215847403,0.2,informative
run-spec-40a25ae429d178a5f5ca,full_rationale,2026_AIME_II_P03,g-n5-m8-7f3a9ce5d54de331,8,0,O,O,0,0,0,13,13,145363,76439,0,0,0,0,0,0,1,13,0,0,0,0,0,3593.3668785095215,0.2,informative
run-spec-b3420f0d6f9b295208d6,full_rationale,2026_AIME_II_P03,g-n5-m8-9970b4b974e58087,8,0,U,C,0,1,1,12,12,99579,57726,0,0,0,0,0,0,1,12,0,0,0,0,0,2738.5999054424465,0.2,informative
run-spec-2f02da9ffdb5e07d5f46,full_rationale,2026_AIME_II_P03,g-n5-m12-e751609d27011f71,12,0,C,C,1,1,0,15,15,165509,60283,0,0,0,0,0,0,0,15,0,0,0,0,0,2728.4559789299965,0.2,informative
run-spec-a53edd7e07413a48e3cc,full_rationale,2026_AIME_II_P03,g-n5-m12-b7994e50c3403f63,12,0,O,U,0,0,0,16,16,210291,73303,0,0,0,0,0,0,6,16,0,0,0,0,0,3382.134271081537,0.2,informative
run-spec-4126770c015fa8d6df9c,full_rationale,2026_AIME_II_P03,g-n5-m12-c2d302af32c23635,12,0,O,C,0,1,1,15,15,264343,94955,0,0,0,0,0,2,2,15,0,0,0,0,0,4112.710526555777,0.2,informative
run-spec-6de136dae56af8105788,full_rationale,2026_AIME_II_P03,g-n5-m16-d8343258cfd33056,16,0,O,C,0,1,1,16,16,274285,75378,0,0,0,0,0,1,1,16,0,0,0,0,0,3468.1215006522834,0.2,informative
run-spec-442723d3c780446a0be3,full_rationale,2026_AIME_II_P03,g-n5-m4-fc174fd4cac969a2,4,0,U,C,0,1,1,16,16,114580,74413,0,0,0,0,0,1,1,16,0,0,0,0,0,3226.2669090665877,0.2,informative
run-spec-fa10db9076bc3ff63a16,full_rationale,2026_AIME_II_P03,g-n5-m4-c86f6be403cf7523,4,0,U,C,0,1,1,14,14,104049,68246,0,0,0,0,0,1,1,14,0,0,0,0,0,3003.0330311506987,0.2,informative
run-spec-7997725860a9880a6df5,full_rationale,2026_AIME_II_P03,g-n5-m8-098c132ef3277e03,8,0,O,O,0,0,0,13,13,120378,58528,0,0,0,0,0,0,0,13,0,0,0,0,0,2704.1362240053713,0.2,informative
run-spec-22618af13c557a7982d7,full_rationale,2026_AIME_II_P03,g-n5-m8-8cbea459f4a9f71d,8,0,U,O,0,0,0,14,14,152505,74922,0,0,0,0,0,1,1,14,0,0,0,0,0,3021.635819453746,0.2,informative
run-spec-129ddd9caefc4a477574,full_rationale,2026_AIME_II_P03,g-n5-m12-aa67d00fd87be761,12,0,C,C,1,1,0,15,15,240427,76299,0,0,0,0,0,0,0,15,0,0,0,0,0,2725.28937298432,0.2,informative
run-spec-5b4f16f331b3a89d5065,full_rationale,2026_AIME_II_P03,g-n5-m12-245b8a7d712cb4a0,12,0,C,C,1,1,0,15,15,191486,63987,0,0,0,0,0,0,0,15,0,0,0,0,0,2361.2106173858047,0.2,informative
run-spec-238454e8f97ac575b1c8,full_rationale,2026_AIME_II_P04,g-n5-m4-020c02ee23fd10e6,4,0,C,C,1,1,0,14,14,60486,36936,0,0,0,0,0,0,0,14,0,0,0,0,0,1538.3092714175582,0.8,informative
run-spec-08b6ec3d2deaf1b624a5,full_rationale,2026_AIME_II_P04,g-n5-m4-8ace11eb98f60ea5,4,0,C,C,1,1,0,13,13,43643,27967,0,0,0,0,0,0,0,13,0,0,0,0,0,924.8503025472164,0.8,informative
run-spec-bcdf630f74c2c1bf1f42,full_rationale,2026_AIME_II_P04,g-n5-m4-e6b58e28f5d141e8,4,0,C,C,1,1,0,12,12,44809,30462,0,0,0,0,0,0,0,12,0,0,0,0,0,886.3889351263642,0.8,informative
run-spec-9c0dcccb6f8396401954,full_rationale,2026_AIME_II_P04,g-n5-m8-d7ed48430d5f1b67,8,0,O,C,0,1,1,14,14,83535,37254,0,0,0,0,0,0,0,14,0,0,0,0,0,1045.6808711588383,0.8,informative
run-spec-3d80c199cad7c42b5a3c,full_rationale,2026_AIME_II_P04,g-n5-m8-7f3a9ce5d54de331,8,0,C,C,1,1,0,13,13,61938,33298,0,0,0,0,0,0,0,13,0,0,0,0,0,957.8341051004827,0.8,informative
run-spec-77eb32668b761874a068,full_rationale,2026_AIME_II_P04,g-n5-m8-9970b4b974e58087,8,0,C,C,1,1,0,12,12,58003,31718,0,0,0,0,0,0,0,12,0,0,0,0,0,906.9946975857019,0.8,informative
run-spec-af99267411ffe86e08a0,full_rationale,2026_AIME_II_P04,g-n5-m12-e751609d27011f71,12,0,C,C,1,1,0,15,15,86507,31340,0,0,0,0,0,0,0,15,0,0,0,0,0,887.0005908682942,0.8,informative
run-spec-fe12641af72ca7aed9bb,full_rationale,2026_AIME_II_P04,g-n5-m12-b7994e50c3403f63,12,0,C,C,1,1,0,16,16,115948,39534,0,0,0,0,0,0,0,16,0,0,0,0,0,1043.2138524539769,0.8,informative
run-spec-0057a0d5f97a1b07f80f,full_rationale,2026_AIME_II_P04,g-n5-m12-c2d302af32c23635,12,0,C,C,1,1,0,15,15,117220,40277,0,0,0,0,0,0,0,15,0,0,0,0,0,1039.1899852268398,0.8,informative
run-spec-9d82a3b4ea1e8bf75c6f,full_rationale,2026_AIME_II_P04,g-n5-m16-d8343258cfd33056,16,0,C,C,1,1,0,16,16,125262,33582,0,0,0,0,0,0,0,16,0,0,0,0,0,886.9400240890682,0.8,informative
run-spec-d18d97f227182d10c8d3,full_rationale,2026_AIME_II_P04,g-n5-m4-fc174fd4cac969a2,4,0,O,C,0,1,1,16,16,67740,40597,0,0,0,0,0,0,0,16,0,0,0,0,0,982.9901357442141,0.8,informative
run-spec-e38c8fa6ee331eae6e11,full_rationale,2026_AIME_II_P04,g-n5-m4-c86f6be403cf7523,4,0,C,C,1,1,0,14,14,59875,36146,0,0,0,0,0,0,0,14,0,0,0,0,0,845.0965881608427,0.8,informative
run-spec-8fe2fbfa401804304427,full_rationale,2026_AIME_II_P04,g-n5-m8-098c132ef3277e03,8,0,C,C,1,1,0,13,13,61086,32745,0,0,0,0,0,0,0,13,0,0,0,0,0,713.431385345757,0.8,informative
run-spec-e626a5438de0031cef77,full_rationale,2026_AIME_II_P04,g-n5-m8-8cbea459f4a9f71d,8,0,C,C,1,1,0,14,14,77928,36727,0,0,0,0,0,0,0,14,0,0,0,0,0,770.0408140718937,0.8,informative
run-spec-e0be9a5b3c7518b3a800,full_rationale,2026_AIME_II_P04,g-n5-m12-aa67d00fd87be761,12,0,C,C,1,1,0,15,15,101179,34765,0,0,0,0,0,0,0,15,0,0,0,0,0,734.9505983069539,0.8,informative
run-spec-70ba7993786dcc5ec383,full_rationale,2026_AIME_II_P04,g-n5-m12-245b8a7d712cb4a0,12,0,C,C,1,1,0,15,15,93297,33145,0,0,0,0,0,0,0,15,0,0,0,0,0,703.1750088818371,0.8,informative
run-spec-b89a7928fd271c3ade6f,full_rationale,2026_AIME_II_P05,g-n5-m4-020c02ee23fd10e6,4,0,C,C,1,1,0,14,14,50778,33044,0,0,0,0,0,0,0,14,0,0,0,0,0,689.2315177619457,1.0,ceiling
run-spec-d4cfa3fc833a530de9c6,full_rationale,2026_AIME_II_P05,g-n5-m4-8ace11eb98f60ea5,4,0,C,C,1,1,0,13,13,48285,33717,0,0,0,0,0,0,0,13,0,0,0,0,0,692.6878273114562,1.0,ceiling
run-spec-c287d99579b94c2ed17f,full_rationale,2026_AIME_II_P05,g-n5-m4-e6b58e28f5d141e8,4,0,C,C,1,1,0,12,12,40701,29807,0,0,0,0,0,0,0,12,0,0,0,0,0,594.1678390726447,1.0,ceiling
run-spec-048e9c399738b32da842,full_rationale,2026_AIME_II_P05,g-n5-m8-d7ed48430d5f1b67,8,0,C,C,1,1,0,14,14,54835,28118,0,0,0,0,0,0,0,14,0,0,0,0,0,559.9303956888616,1.0,ceiling
run-spec-45af9e1f3b5f9b3bb7c8,full_rationale,2026_AIME_II_P05,g-n5-m8-7f3a9ce5d54de331,8,0,C,C,1,1,0,13,13,53035,30226,0,0,0,0,0,0,0,13,0,0,0,0,0,594.2183850966394,1.0,ceiling
run-spec-1efc87c2cc130c18b0d2,full_rationale,2026_AIME_II_P05,g-n5-m8-9970b4b974e58087,8,0,C,C,1,1,0,12,12,40426,26995,0,0,0,0,0,0,0,12,0,0,0,0,0,532.7308217212558,1.0,ceiling
run-spec-0bbd65dbfc8706b93cb1,full_rationale,2026_AIME_II_P05,g-n5-m12-e751609d27011f71,12,0,C,C,1,1,0,15,15,78363,30932,0,0,0,0,0,0,0,15,0,0,0,0,0,620.0980466902256,1.0,ceiling
run-spec-3d24b8bdc3cf15662844,full_rationale,2026_AIME_II_P05,g-n5-m12-b7994e50c3403f63,12,0,C,C,1,1,0,16,16,103821,36299,0,0,0,0,0,0,0,16,0,0,0,0,0,729.4619631692767,1.0,ceiling
run-spec-97fc9e58c93ba33242e4,full_rationale,2026_AIME_II_P05,g-n5-m12-c2d302af32c23635,12,0,C,C,1,1,0,15,15,114631,39483,0,0,0,0,0,0,0,15,0,0,0,0,0,782.1476450450718,1.0,ceiling
run-spec-ec017d3411fb0c60676a,full_rationale,2026_AIME_II_P05,g-n5-m16-d8343258cfd33056,16,0,C,C,1,1,0,16,16,111639,32995,0,0,0,0,0,0,0,16,0,0,0,0,0,652.4553436078131,1.0,ceiling
run-spec-9ed64bfcc225b8e9dcf8,full_rationale,2026_AIME_II_P05,g-n5-m4-fc174fd4cac969a2,4,0,C,C,1,1,0,16,16,50031,30317,0,0,0,0,0,0,0,16,0,0,0,0,0,603.3692289590836,1.0,ceiling
run-spec-f69a6ddaa043f5efa47f,full_rationale,2026_AIME_II_P05,g-n5-m4-c86f6be403cf7523,4,0,C,C,1,1,0,14,14,43709,28685,0,0,0,0,0,0,0,14,0,0,0,0,0,574.8836622163653,1.0,ceiling
run-spec-a2f21787c5e949480a7b,full_rationale,2026_AIME_II_P05,g-n5-m8-098c132ef3277e03,8,0,C,C,1,1,0,13,13,49438,27073,0,0,0,0,0,0,0,13,0,0,0,0,0,543.2985288128257,1.0,ceiling
run-spec-91dbe4d8d5fcdf6de096,full_rationale,2026_AIME_II_P05,g-n5-m8-8cbea459f4a9f71d,8,0,C,C,1,1,0,14,14,59634,30132,0,0,0,0,0,0,0,14,0,0,0,0,0,600.9689430519938,1.0,ceiling
run-spec-c80f06583db16f9c045a,full_rationale,2026_AIME_II_P05,g-n5-m12-aa67d00fd87be761,12,0,C,C,1,1,0,15,15,79272,31290,0,0,0,0,0,0,0,15,0,0,0,0,0,623.0387002564967,1.0,ceiling
run-spec-8d37b84a12401a94b82c,full_rationale,2026_AIME_II_P05,g-n5-m12-245b8a7d712cb4a0,12,0,O,C,0,1,1,15,15,85053,30686,0,0,0,0,0,0,0,15,0,0,0,0,0,612.4053920805454,1.0,ceiling
run-spec-d1256d789e95e21c2dc2,full_rationale,2026_AIME_II_P06,g-n5-m4-020c02ee23fd10e6,4,0,C,C,1,1,0,14,14,85841,58444,0,0,0,0,0,0,0,14,0,0,0,0,0,1223.8095424212515,0.6,informative
run-spec-efb310e6840b70d8258a,full_rationale,2026_AIME_II_P06,g-n5-m4-8ace11eb98f60ea5,4,0,C,C,1,1,0,13,13,56145,35280,0,0,0,0,0,0,0,13,0,0,0,0,0,699.843250092119,0.6,informative
run-spec-15f38339009afdac6f2c,full_rationale,2026_AIME_II_P06,g-n5-m4-e6b58e28f5d141e8,4,0,C,C,1,1,0,12,12,50113,35832,0,0,0,0,0,0,0,12,0,0,0,0,0,695.1457781866193,0.6,informative
run-spec-b8804ce4f4f245fb060d,full_rationale,2026_AIME_II_P06,g-n5-m8-d7ed48430d5f1b67,8,0,O,C,0,1,1,14,14,79672,35488,0,0,0,0,0,0,0,14,0,0,0,0,0,706.3234032057226,0.6,informative
run-spec-208f0ff00a00045d307c,full_rationale,2026_AIME_II_P06,g-n5-m8-7f3a9ce5d54de331,8,0,C,C,1,1,0,13,13,50371,26213,0,0,0,0,0,0,0,13,0,0,0,0,0,495.5884505286813,0.6,informative
run-spec-b8aa1630f078d43a3007,full_rationale,2026_AIME_II_P06,g-n5-m8-9970b4b974e58087,8,0,C,C,1,1,0,12,12,44953,26239,0,0,0,0,0,0,0,12,0,0,0,0,0,500.25190966948867,0.6,informative
run-spec-c414ddc3cb4cf07e93f3,full_rationale,2026_AIME_II_P06,g-n5-m12-e751609d27011f71,12,0,C,C,1,1,0,15,15,127218,42576,0,0,0,0,0,0,0,15,0,0,0,0,0,890.4951542206109,0.6,informative
run-spec-ace57a259f9b5917efb0,full_rationale,2026_AIME_II_P06,g-n5-m12-b7994e50c3403f63,12,0,C,C,1,1,0,16,16,143846,49449,0,0,0,0,0,0,0,16,0,0,0,0,0,1056.5005200915039,0.6,informative
run-spec-596e58b4359df46bf968,full_rationale,2026_AIME_II_P06,g-n5-m12-c2d302af32c23635,12,0,C,C,1,1,0,15,15,86052,29810,0,0,0,0,0,0,0,15,0,0,0,0,0,594.6497014127672,0.6,informative
run-spec-c0a59e6ec01de1f5b58f,full_rationale,2026_AIME_II_P06,g-n5-m16-d8343258cfd33056,16,0,C,C,1,1,0,16,16,154498,41630,0,0,0,0,0,0,0,16,0,0,0,0,0,888.3792397305369,0.6,informative
run-spec-4d9799ae867c472296c3,full_rationale,2026_AIME_II_P06,g-n5-m4-fc174fd4cac969a2,4,0,C,C,1,1,0,16,16,74575,43634,0,0,0,0,0,0,0,16,0,0,0,0,0,942.6832531876862,0.6,informative
run-spec-b22b5f7a4cc17fdb31d8,full_rationale,2026_AIME_II_P06,g-n5-m4-c86f6be403cf7523,4,0,C,C,1,1,0,14,14,83186,52637,0,0,0,0,0,0,0,14,0,0,0,0,0,1159.3497993648052,0.6,informative
run-spec-0941d8d53cc2992afff9,full_rationale,2026_AIME_II_P06,g-n5-m8-098c132ef3277e03,8,0,C,C,1,1,0,13,13,81248,41690,0,0,0,0,0,0,0,13,0,0,0,0,0,947.4860070236027,0.6,informative
run-spec-8e8087cf36fa07f216cb,full_rationale,2026_AIME_II_P06,g-n5-m8-8cbea459f4a9f71d,8,0,C,C,1,1,0,14,14,78223,33391,0,0,0,0,0,0,0,14,0,0,0,0,0,772.9264001473784,0.6,informative
run-spec-5e51c92f1d9591dbf918,full_rationale,2026_AIME_II_P06,g-n5-m12-aa67d00fd87be761,12,0,C,C,1,1,0,15,15,96621,34542,0,0,0,0,0,0,0,15,0,0,0,0,0,799.0111191943288,0.6,informative
run-spec-d9f831ab6bf9e3815a46,full_rationale,2026_AIME_II_P06,g-n5-m12-245b8a7d712cb4a0,12,0,O,C,0,1,1,15,15,125550,41082,0,0,0,0,0,0,0,15,0,0,0,0,0,946.4039323143661,0.6,informative
run-spec-7a87cb25501d7611ebdb,full_rationale,2026_AIME_II_P07,g-n5-m4-020c02ee23fd10e6,4,0,C,C,1,1,0,14,14,75474,46910,0,0,0,0,0,0,5,14,0,0,0,0,0,1079.1979775615036,0.9,ceiling
run-spec-0989096a763c3fe8e283,full_rationale,2026_AIME_II_P07,g-n5-m4-8ace11eb98f60ea5,4,0,C,C,1,1,0,13,13,57707,39791,0,0,0,0,0,0,0,13,0,0,0,0,0,908.3498248532414,0.9,ceiling
run-spec-76f458d64608c57eed85,full_rationale,2026_AIME_II_P07,g-n5-m4-e6b58e28f5d141e8,4,0,C,C,1,1,0,12,12,57007,38070,0,0,0,0,0,0,1,12,0,0,0,0,0,846.7881726361811,0.9,ceiling
run-spec-d66239580d76b84882fc,full_rationale,2026_AIME_II_P07,g-n5-m8-d7ed48430d5f1b67,8,0,C,C,1,1,0,14,14,102256,46952,0,0,0,0,0,0,0,14,0,0,0,0,0,1090.7562562674284,0.9,ceiling
run-spec-cf202b3d8d90fee54fb1,full_rationale,2026_AIME_II_P07,g-n5-m8-7f3a9ce5d54de331,8,0,C,C,1,1,0,13,13,86908,48962,0,0,0,0,0,0,1,13,0,0,0,0,0,1136.235817231238,0.9,ceiling
run-spec-da9d6c4fbf83b83ee3fe,full_rationale,2026_AIME_II_P07,g-n5-m8-9970b4b974e58087,8,0,O,C,0,1,1,12,12,74308,40051,0,0,0,0,0,0,0,12,0,0,0,0,0,932.6766577623785,0.9,ceiling
run-spec-3e676922b50e9cc558ae,full_rationale,2026_AIME_II_P07,g-n5-m12-e751609d27011f71,12,0,U,C,0,1,1,15,15,131436,49481,0,0,0,0,0,0,3,15,0,0,0,0,0,1159.3558597154915,0.9,ceiling
run-spec-ecfc6d2bf9dbe709e9fa,full_rationale,2026_AIME_II_P07,g-n5-m12-b7994e50c3403f63,12,0,O,C,0,1,1,16,16,113393,43082,0,0,0,0,0,0,0,16,0,0,0,0,0,1014.785665281117,0.9,ceiling
run-spec-06e99408ffe6153f0a5e,full_rationale,2026_AIME_II_P07,g-n5-m12-c2d302af32c23635,12,0,C,C,1,1,0,15,15,125233,42757,0,0,0,0,0,0,0,15,0,0,0,0,0,1009.5207634754479,0.9,ceiling
run-spec-58792f6450f12f3ee5b1,full_rationale,2026_AIME_II_P07,g-n5-m16-d8343258cfd33056,16,0,O,C,0,1,1,16,16,136016,39818,0,0,0,0,0,0,0,16,0,0,0,0,0,945.2386884763837,0.9,ceiling
run-spec-d6e487602db67598552e,full_rationale,2026_AIME_II_P07,g-n5-m4-fc174fd4cac969a2,4,0,C,C,1,1,0,16,16,78497,48482,0,0,0,0,0,0,2,16,0,0,0,0,0,1138.4718287959695,0.9,ceiling
run-spec-ecc2e2102c8683340a37,full_rationale,2026_AIME_II_P07,g-n5-m4-c86f6be403cf7523,4,0,O,C,0,1,1,14,14,64414,40626,0,0,0,0,0,0,1,14,0,0,0,0,0,963.2195219993591,0.9,ceiling
run-spec-c784a7d6151ee0d63946,full_rationale,2026_AIME_II_P07,g-n5-m8-098c132ef3277e03,8,0,C,C,1,1,0,13,13,71625,37294,0,0,0,0,0,0,0,13,0,0,0,0,0,888.5895357504487,0.9,ceiling
run-spec-f4e8a98d63f71a9e6aca,full_rationale,2026_AIME_II_P07,g-n5-m8-8cbea459f4a9f71d,8,0,C,C,1,1,0,14,14,84748,39602,0,0,0,0,0,0,0,14,0,0,0,0,0,936.6679228469729,0.9,ceiling
run-spec-9a087d5bb98b0578f2c2,full_rationale,2026_AIME_II_P07,g-n5-m12-aa67d00fd87be761,12,0,C,C,1,1,0,15,15,131632,51445,0,0,0,0,0,0,5,15,0,0,0,0,0,1142.5462713837624,0.9,ceiling
run-spec-097a843ac6b03a4be97f,full_rationale,2026_AIME_II_P07,g-n5-m12-245b8a7d712cb4a0,12,0,C,C,1,1,0,15,15,166037,56785,0,0,0,0,0,0,0,15,0,0,0,0,0,1290.6974707506597,0.9,ceiling
run-spec-c42f9f273c1d4cf84dc6,full_rationale,2026_AIME_II_P08,g-n5-m4-020c02ee23fd10e6,4,0,O,C,0,1,1,14,14,111479,70402,0,0,0,0,0,0,0,14,0,0,0,0,0,1721.6299065425992,0.2,informative
run-spec-7b7c127b72bd7f651a11,full_rationale,2026_AIME_II_P08,g-n5-m4-8ace11eb98f60ea5,4,0,O,C,0,1,1,13,13,107333,72423,0,0,0,0,0,0,1,13,0,0,0,0,0,1846.0394622720778,0.2,informative
run-spec-4c7eddc7223370f22216,full_rationale,2026_AIME_II_P08,g-n5-m4-e6b58e28f5d141e8,4,0,C,C,1,1,0,12,12,106457,69799,0,0,0,0,0,1,1,12,0,0,0,0,0,1835.0493706986308,0.2,informative
run-spec-731709e2de993fc461a4,full_rationale,2026_AIME_II_P08,g-n5-m8-d7ed48430d5f1b67,8,0,C,O,1,0,-1,14,14,143884,62759,0,0,0,0,0,0,0,14,0,0,0,0,0,1572.455342784524,0.2,informative
run-spec-e6937baa8f63dbd16750,full_rationale,2026_AIME_II_P08,g-n5-m8-7f3a9ce5d54de331,8,0,O,C,0,1,1,13,13,143974,76329,0,0,0,0,0,0,0,13,0,0,0,0,0,2138.4225543551147,0.2,informative
run-spec-8aa5177b5bd8c4070e84,full_rationale,2026_AIME_II_P08,g-n5-m8-9970b4b974e58087,8,0,O,C,0,1,1,12,12,122807,74112,0,0,0,0,0,1,1,12,0,0,0,0,0,2044.403315935284,0.2,informative
run-spec-5552de65b92d033e4d90,full_rationale,2026_AIME_II_P08,g-n5-m12-e751609d27011f71,12,0,O,O,0,0,0,15,15,446162,135669,0,0,0,0,0,5,5,15,0,0,0,0,0,4794.585553251207,0.2,informative
run-spec-a65b8a08dadaf9b82892,full_rationale,2026_AIME_II_P08,g-n5-m12-b7994e50c3403f63,12,0,O,O,0,0,0,16,16,212598,79178,0,0,0,0,0,0,0,16,0,0,0,0,0,2432.47912453115,0.2,informative
run-spec-01b2a010618358942f46,full_rationale,2026_AIME_II_P08,g-n5-m12-c2d302af32c23635,12,0,C,C,1,1,0,15,15,325513,105604,0,0,0,0,0,3,3,15,0,0,0,0,0,3566.8538244366646,0.2,informative
run-spec-4f4c692d1948dcb47608,full_rationale,2026_AIME_II_P08,g-n5-m16-d8343258cfd33056,16,0,O,C,0,1,1,16,16,252894,71944,0,0,0,0,0,0,0,16,0,0,0,0,0,2241.3998680599034,0.2,informative
run-spec-ebe8cbf73c151064a0a7,full_rationale,2026_AIME_II_P08,g-n5-m4-fc174fd4cac969a2,4,0,O,C,0,1,1,16,16,145460,93148,0,0,0,0,0,0,0,16,0,0,0,0,0,3480.174198575318,0.2,informative
run-spec-02c399f84c662fb8ec9e,full_rationale,2026_AIME_II_P08,g-n5-m4-c86f6be403cf7523,4,0,C,C,1,1,0,14,14,115686,73196,0,0,0,0,0,0,0,14,0,0,0,0,0,2863.6611641310155,0.2,informative
run-spec-f99b00db3802c17f43de,full_rationale,2026_AIME_II_P08,g-n5-m8-098c132ef3277e03,8,0,C,U,1,0,-1,13,13,196881,87883,0,0,0,0,0,2,7,13,0,0,0,0,0,3602.129284169525,0.2,informative
run-spec-3d3cfce36206192fa3f8,full_rationale,2026_AIME_II_P08,g-n5-m8-8cbea459f4a9f71d,8,0,O,C,0,1,1,14,14,158432,79095,0,0,0,0,0,1,1,14,0,0,0,0,0,3341.1160226762295,0.2,informative
run-spec-901308364aa8c60c8ce3,full_rationale,2026_AIME_II_P08,g-n5-m12-aa67d00fd87be761,12,0,O,C,0,1,1,15,15,212901,74807,0,0,0,0,0,0,0,15,0,0,0,0,0,3178.139131233096,0.2,informative
run-spec-15d665d407a48715bac2,full_rationale,2026_AIME_II_P08,g-n5-m12-245b8a7d712cb4a0,12,0,U,O,0,0,0,15,15,238299,82454,0,0,0,0,0,0,2,15,0,0,0,0,0,3334.9144362583756,0.2,informative
run-spec-979cd915f908a33f903a,full_rationale,2026_AIME_II_P09,g-n5-m4-020c02ee23fd10e6,4,0,C,C,1,1,0,14,14,68304,41788,0,0,0,0,0,0,0,14,0,0,0,0,0,1753.702441856265,1.0,ceiling
run-spec-ae4e72da00d8c9b78f99,full_rationale,2026_AIME_II_P09,g-n5-m4-8ace11eb98f60ea5,4,0,C,C,1,1,0,13,13,47442,30120,0,0,0,0,0,0,0,13,0,0,0,0,0,1227.4387232288718,1.0,ceiling
run-spec-b2bd57f3ac1906bf5e1d,full_rationale,2026_AIME_II_P09,g-n5-m4-e6b58e28f5d141e8,4,0,C,C,1,1,0,12,12,70994,45388,0,0,0,0,0,0,0,12,0,0,0,0,0,1873.15666244179,1.0,ceiling
run-spec-dbbc574d1440c7a1e3e2,full_rationale,2026_AIME_II_P09,g-n5-m8-d7ed48430d5f1b67,8,0,C,C,1,1,0,14,14,68562,34543,0,0,0,0,0,0,0,14,0,0,0,0,0,1434.7763451114297,1.0,ceiling
run-spec-4aedf2b4eef2f07bdcb0,full_rationale,2026_AIME_II_P09,g-n5-m8-7f3a9ce5d54de331,8,0,C,C,1,1,0,13,13,83680,39598,0,0,0,0,0,0,0,13,0,0,0,0,0,1666.7201955020428,1.0,ceiling
run-spec-239d3f50b40e4bd03954,full_rationale,2026_AIME_II_P09,g-n5-m8-9970b4b974e58087,8,0,C,C,1,1,0,12,12,55937,33931,0,0,0,0,0,0,0,12,0,0,0,0,0,1326.2298206165433,1.0,ceiling
run-spec-8c454d2e8f985bc02cf5,full_rationale,2026_AIME_II_P09,g-n5-m12-e751609d27011f71,12,0,C,C,1,1,0,15,15,123702,42003,0,0,0,0,0,0,0,15,0,0,0,0,0,1502.5057311691344,1.0,ceiling
run-spec-e846bb69fa86a19ece45,full_rationale,2026_AIME_II_P09,g-n5-m12-b7994e50c3403f63,12,0,O,C,0,1,1,16,16,106372,36261,0,0,0,0,0,0,0,16,0,0,0,0,0,1335.6826033964753,1.0,ceiling
run-spec-3bbf182256d9709ebddc,full_rationale,2026_AIME_II_P09,g-n5-m12-c2d302af32c23635,12,0,C,C,1,1,0,15,15,107756,36692,0,0,0,0,0,0,0,15,0,0,0,0,0,1273.288866110146,1.0,ceiling
run-spec-073ed628cb2671abb3f3,full_rationale,2026_AIME_II_P09,g-n5-m16-d8343258cfd33056,16,0,O,C,0,1,1,16,16,166017,45332,0,0,0,0,0,0,0,16,0,0,0,0,0,1438.6272935420275,1.0,ceiling
run-spec-a9d05a5f285252a6063a,full_rationale,2026_AIME_II_P09,g-n5-m4-fc174fd4cac969a2,4,0,C,C,1,1,0,16,16,62643,39178,0,0,0,0,0,0,0,16,0,0,0,0,0,1161.872321344912,1.0,ceiling
run-spec-0ee5a85f650ce295e9b6,full_rationale,2026_AIME_II_P09,g-n5-m4-c86f6be403cf7523,4,0,C,C,1,1,0,14,14,56958,36215,0,0,0,0,0,0,0,14,0,0,0,0,0,852.0879919975996,1.0,ceiling
run-spec-4ff969f4245370da74f5,full_rationale,2026_AIME_II_P09,g-n5-m8-098c132ef3277e03,8,0,C,C,1,1,0,13,13,64631,34590,0,0,0,0,0,0,0,13,0,0,0,0,0,795.652508687228,1.0,ceiling
run-spec-de2700fea4c87dc347f6,full_rationale,2026_AIME_II_P09,g-n5-m8-8cbea459f4a9f71d,8,0,C,C,1,1,0,14,14,84708,38488,0,0,0,0,0,0,0,14,0,0,0,0,0,837.3893666043878,1.0,ceiling
run-spec-95e4cbc23f9bfdabca33,full_rationale,2026_AIME_II_P09,g-n5-m12-aa67d00fd87be761,12,0,C,C,1,1,0,15,15,98264,36015,0,0,0,0,0,0,0,15,0,0,0,0,0,776.6635069176555,1.0,ceiling
run-spec-5e7677e70dc74aadd117,full_rationale,2026_AIME_II_P09,g-n5-m12-245b8a7d712cb4a0,12,0,C,C,1,1,0,15,15,95337,33223,0,0,0,0,0,0,0,15,0,0,0,0,0,718.0722034871578,1.0,ceiling
run-spec-914f678f825923152527,full_rationale,2026_AIME_II_P10,g-n5-m4-020c02ee23fd10e6,4,0,C,C,1,1,0,14,14,61527,38696,0,0,0,0,0,0,0,14,0,0,0,0,0,828.9637811668217,0.9,ceiling
run-spec-ad6dc4d5a24c9d68c56f,full_rationale,2026_AIME_II_P10,g-n5-m4-8ace11eb98f60ea5,4,0,C,C,1,1,0,13,13,48889,32990,0,0,0,0,0,0,0,13,0,0,0,0,0,703.1528922729194,0.9,ceiling
run-spec-071c4adf5cbf78e8192f,full_rationale,2026_AIME_II_P10,g-n5-m4-e6b58e28f5d141e8,4,0,O,C,0,1,1,12,12,53894,38677,0,0,0,0,0,0,0,12,0,0,0,0,0,842.8908830732107,0.9,ceiling
run-spec-dfd3f51407d8457f9946,full_rationale,2026_AIME_II_P10,g-n5-m8-d7ed48430d5f1b67,8,0,C,C,1,1,0,14,14,82380,38025,0,0,0,0,0,0,0,14,0,0,0,0,0,811.8295199349523,0.9,ceiling
run-spec-a57c5fd4c0b1d3e881df,full_rationale,2026_AIME_II_P10,g-n5-m8-7f3a9ce5d54de331,8,0,C,C,1,1,0,13,13,97626,45497,0,0,0,0,0,0,0,13,0,0,0,0,0,978.5748788528144,0.9,ceiling
run-spec-dc00d1af91ae049d8c19,full_rationale,2026_AIME_II_P10,g-n5-m8-9970b4b974e58087,8,0,C,C,1,1,0,12,12,58197,31120,0,0,0,0,0,0,0,12,0,0,0,0,0,653.4463448449969,0.9,ceiling
run-spec-48e75e95867666baa23f,full_rationale,2026_AIME_II_P10,g-n5-m12-e751609d27011f71,12,0,C,C,1,1,0,15,15,108978,37770,0,0,0,0,0,0,0,15,0,0,0,0,0,828.210950974375,0.9,ceiling
run-spec-7422314da6533d1428d2,full_rationale,2026_AIME_II_P10,g-n5-m12-b7994e50c3403f63,12,0,C,C,1,1,0,16,16,125775,42581,0,0,0,0,0,0,0,16,0,0,0,0,0,936.1136075556278,0.9,ceiling
run-spec-24eb662262cc7063a2a3,full_rationale,2026_AIME_II_P10,g-n5-m12-c2d302af32c23635,12,0,C,C,1,1,0,15,15,112082,39871,0,0,0,0,0,0,0,15,0,0,0,0,0,874.3148465156555,0.9,ceiling
run-spec-f1762f4c8bfa81fedabe,full_rationale,2026_AIME_II_P10,g-n5-m16-d8343258cfd33056,16,0,C,C,1,1,0,16,16,145748,39373,0,0,0,0,0,0,0,16,0,0,0,0,0,881.2950535267591,0.9,ceiling
run-spec-ab1bc853a49a8a836768,full_rationale,2026_AIME_II_P10,g-n5-m4-fc174fd4cac969a2,4,0,C,C,1,1,0,16,16,64781,38714,0,0,0,0,0,0,0,16,0,0,0,0,0,866.1488722600043,0.9,ceiling
run-spec-755315ba41ba0a3dcc80,full_rationale,2026_AIME_II_P10,g-n5-m4-c86f6be403cf7523,4,0,C,C,1,1,0,14,14,73053,44382,0,0,0,0,0,0,0,14,0,0,0,0,0,982.5370093770325,0.9,ceiling
run-spec-774d38d5d7cf688e2e2c,full_rationale,2026_AIME_II_P10,g-n5-m8-098c132ef3277e03,8,0,O,C,0,1,1,13,13,67253,37634,0,0,0,0,0,0,0,13,0,0,0,0,0,846.049208138138,0.9,ceiling
run-spec-4f720438a79a9ce20d98,full_rationale,2026_AIME_II_P10,g-n5-m8-8cbea459f4a9f71d,8,0,C,C,1,1,0,14,14,70891,34541,0,0,0,0,0,0,0,14,0,0,0,0,0,774.5619294792414,0.9,ceiling
run-spec-5761517520ec022d35fc,full_rationale,2026_AIME_II_P10,g-n5-m12-aa67d00fd87be761,12,0,O,C,0,1,1,15,15,127620,46794,0,0,0,0,0,0,0,15,0,0,0,0,0,1037.6994642876089,0.9,ceiling
run-spec-36bfb4b0cbd5ffd78c51,full_rationale,2026_AIME_II_P10,g-n5-m12-245b8a7d712cb4a0,12,0,C,C,1,1,0,15,15,130163,45756,0,0,0,0,0,0,0,15,0,0,0,0,0,1006.8292185515165,0.9,ceiling
run-spec-3a8f79b3c04b2e648a04,full_rationale,2026_AIME_II_P11,g-n5-m4-020c02ee23fd10e6,4,0,C,C,1,1,0,14,14,161534,95082,0,0,0,0,0,2,2,14,0,0,0,0,0,2558.959368288517,0.4,informative
run-spec-3a75ac1a52c9e93109fa,full_rationale,2026_AIME_II_P11,g-n5-m4-8ace11eb98f60ea5,4,0,O,C,0,1,1,13,13,95342,67376,0,0,0,0,0,0,0,13,0,0,0,0,0,1633.5427139215171,0.4,informative
run-spec-0d419d0baa8f2887b13c,full_rationale,2026_AIME_II_P11,g-n5-m4-e6b58e28f5d141e8,4,0,C,C,1,1,0,12,12,81253,56664,0,0,0,0,0,0,0,12,0,0,0,0,0,1282.9314803555608,0.4,informative
run-spec-66a3b891121939a90369,full_rationale,2026_AIME_II_P11,g-n5-m8-d7ed48430d5f1b67,8,0,C,C,1,1,0,14,14,144582,66710,0,0,0,0,0,0,0,14,0,0,0,0,0,1768.3093456700444,0.4,informative
run-spec-2d47ed9fad40107b1be8,full_rationale,2026_AIME_II_P11,g-n5-m8-7f3a9ce5d54de331,8,0,C,C,1,1,0,13,13,111092,57949,0,0,0,0,0,0,0,13,0,0,0,0,0,1476.427418347448,0.4,informative
run-spec-73d1d2e500e54f8d953c,full_rationale,2026_AIME_II_P11,g-n5-m8-9970b4b974e58087,8,0,C,C,1,1,0,12,12,118060,74110,0,0,0,0,0,1,1,12,0,0,0,0,0,2048.3058782443404,0.4,informative
run-spec-eb9e6ba7f38e08a29951,full_rationale,2026_AIME_II_P11,g-n5-m12-e751609d27011f71,12,0,C,C,1,1,0,15,15,198097,68035,0,0,0,0,0,0,0,15,0,0,0,0,0,1865.8699770122766,0.4,informative
run-spec-bdcd3d977825e730bc30,full_rationale,2026_AIME_II_P11,g-n5-m12-b7994e50c3403f63,12,0,O,C,0,1,1,16,16,162194,58859,0,0,0,0,0,0,0,16,0,0,0,0,0,1575.1348233371973,0.4,informative
run-spec-a2a14bc35e5a0e8155cf,full_rationale,2026_AIME_II_P11,g-n5-m12-c2d302af32c23635,12,0,O,O,0,0,0,15,15,299265,124923,0,0,0,0,0,4,4,15,0,0,0,0,0,4049.0232762880623,0.4,informative
run-spec-ab3377d66a80ba1cb5ca,full_rationale,2026_AIME_II_P11,g-n5-m16-d8343258cfd33056,16,0,O,C,0,1,1,16,16,264081,74583,0,0,0,0,0,0,0,16,0,0,0,0,0,2182.1664734110236,0.4,informative
run-spec-79c276b7fac227b68819,full_rationale,2026_AIME_II_P11,g-n5-m4-fc174fd4cac969a2,4,0,O,C,0,1,1,16,16,148624,89663,0,0,0,0,0,0,0,16,0,0,0,0,0,2965.3511432781816,0.4,informative
run-spec-40c307f178762a8f8d27,full_rationale,2026_AIME_II_P11,g-n5-m4-c86f6be403cf7523,4,0,C,C,1,1,0,14,14,122681,76099,0,0,0,0,0,0,0,14,0,0,0,0,0,2515.5301631465554,0.4,informative
run-spec-4af46382d96e8ae54201,full_rationale,2026_AIME_II_P11,g-n5-m8-098c132ef3277e03,8,0,C,C,1,1,0,13,13,116174,59966,0,0,0,0,0,0,0,13,0,0,0,0,0,2200.751236591488,0.4,informative
run-spec-05c1cc6cd06da0a68d28,full_rationale,2026_AIME_II_P11,g-n5-m8-8cbea459f4a9f71d,8,0,O,C,0,1,1,14,14,177046,74797,0,0,0,0,0,1,1,14,0,0,0,0,0,2790.8522344641387,0.4,informative
run-spec-0659b4d3161959e4d603,full_rationale,2026_AIME_II_P11,g-n5-m12-aa67d00fd87be761,12,0,U,C,0,1,1,15,15,215025,86531,0,0,0,0,0,2,2,15,0,0,0,0,0,3164.0613961666822,0.4,informative
run-spec-97738898b080ec8e9388,full_rationale,2026_AIME_II_P11,g-n5-m12-245b8a7d712cb4a0,12,0,C,C,1,1,0,15,15,199693,66135,0,0,0,0,0,0,0,15,0,0,0,0,0,2462.444211188704,0.4,informative
run-spec-5c1ea31846016b357fd8,full_rationale,2026_AIME_II_P12,g-n5-m4-020c02ee23fd10e6,4,0,C,C,1,1,0,14,14,111174,71297,0,0,0,0,0,0,0,14,0,0,0,0,0,2665.6578027270734,0.6,informative
run-spec-375274a4f160c21f6191,full_rationale,2026_AIME_II_P12,g-n5-m4-8ace11eb98f60ea5,4,0,C,C,1,1,0,13,13,98172,65651,0,0,0,0,0,0,0,13,0,0,0,0,0,2478.993083048612,0.6,informative
run-spec-5fd916e420267f1ff6cb,full_rationale,2026_AIME_II_P12,g-n5-m4-e6b58e28f5d141e8,4,0,U,C,0,1,1,12,12,113100,83194,0,0,0,0,0,2,2,12,0,0,0,0,0,2951.7888645119965,0.6,informative
run-spec-aaaaf26568f51620a533,full_rationale,2026_AIME_II_P12,g-n5-m8-d7ed48430d5f1b67,8,0,O,O,0,0,0,14,14,140131,63331,0,0,0,0,0,0,0,14,0,0,0,0,0,2381.6406869255006,0.6,informative
run-spec-f7748a616f561acb4cbe,full_rationale,2026_AIME_II_P12,g-n5-m8-7f3a9ce5d54de331,8,0,O,C,0,1,1,13,13,137742,69210,0,0,0,0,0,1,2,13,0,0,0,0,0,2510.7378505580127,0.6,informative
run-spec-ac80fb11c4bd6160ddab,full_rationale,2026_AIME_II_P12,g-n5-m8-9970b4b974e58087,8,0,O,U,0,0,0,12,12,117376,68511,0,0,0,0,0,0,5,12,0,0,0,0,0,2210.35754660517,0.6,informative
run-spec-5613e199d7f5eed44c5b,full_rationale,2026_AIME_II_P12,g-n5-m12-e751609d27011f71,12,0,O,C,0,1,1,15,15,158220,55894,0,0,0,0,0,0,0,15,0,0,0,0,0,1835.8986101783812,0.6,informative
run-spec-4d5d5dbf9ec9b3754ab7,full_rationale,2026_AIME_II_P12,g-n5-m12-b7994e50c3403f63,12,0,C,C,1,1,0,16,16,252924,81576,0,0,0,0,0,1,1,16,0,0,0,0,0,2732.9466074071825,0.6,informative
run-spec-e3179cfb2ed1d3da4233,full_rationale,2026_AIME_II_P12,g-n5-m12-c2d302af32c23635,12,0,O,C,0,1,1,15,15,233048,79961,0,0,0,0,0,0,4,15,0,0,0,0,0,2558.131475839764,0.6,informative
run-spec-9b865d36b193aa9c1af3,full_rationale,2026_AIME_II_P12,g-n5-m16-d8343258cfd33056,16,0,O,C,0,1,1,16,16,248182,72161,0,0,0,0,0,0,0,16,0,0,0,0,0,2313.478688824922,0.6,informative
run-spec-4fb90559c855891e7a51,full_rationale,2026_AIME_II_P12,g-n5-m4-fc174fd4cac969a2,4,0,C,C,1,1,0,16,16,112313,67914,0,0,0,0,0,0,0,16,0,0,0,0,0,2182.0515745803714,0.6,informative
run-spec-993e52146116c4baabe5,full_rationale,2026_AIME_II_P12,g-n5-m4-c86f6be403cf7523,4,0,O,C,0,1,1,14,14,108753,68684,0,0,0,0,0,0,0,14,0,0,0,0,0,2166.820281110704,0.6,informative
run-spec-574e379a9be451f350a4,full_rationale,2026_AIME_II_P12,g-n5-m8-098c132ef3277e03,8,0,O,C,0,1,1,13,13,134379,64569,0,0,0,0,0,0,0,13,0,0,0,0,0,2026.7437927499413,0.6,informative
run-spec-073d1d13014a72dc8bfb,full_rationale,2026_AIME_II_P12,g-n5-m8-8cbea459f4a9f71d,8,0,C,C,1,1,0,14,14,143955,66048,0,0,0,0,0,0,0,14,0,0,0,0,0,2096.7202637530863,0.6,informative
run-spec-7860f1b81abcc088cb1d,full_rationale,2026_AIME_II_P12,g-n5-m12-aa67d00fd87be761,12,0,O,C,0,1,1,15,15,212528,79532,0,0,0,0,0,0,0,15,0,0,0,0,0,2438.886249575764,0.6,informative
run-spec-a8f206b2558d9147e9c2,full_rationale,2026_AIME_II_P12,g-n5-m12-245b8a7d712cb4a0,12,0,C,C,1,1,0,15,15,196349,64466,0,0,0,0,0,0,0,15,0,0,0,0,0,1998.3196008652449,0.6,informative
run-spec-56ebf19a458a1a9f51c5,full_rationale,2026_AIME_II_P13,g-n5-m4-020c02ee23fd10e6,4,0,O,O,0,0,0,14,14,132076,83928,0,0,0,0,0,2,2,14,0,0,0,0,0,2639.320820581168,0.0,floor
run-spec-b884b56816a2fdda409f,full_rationale,2026_AIME_II_P13,g-n5-m4-8ace11eb98f60ea5,4,0,O,O,0,0,0,13,13,93114,62112,0,0,0,0,0,0,0,13,0,0,0,0,0,1997.0249078832567,0.0,floor
run-spec-cba33bb7f8ee60623df1,full_rationale,2026_AIME_II_P13,g-n5-m4-e6b58e28f5d141e8,4,0,O,O,0,0,0,12,12,130982,78029,0,0,0,0,0,2,2,12,0,0,0,0,0,2545.8670001365244,0.0,floor
run-spec-7be5791a8621535ccef0,full_rationale,2026_AIME_II_P13,g-n5-m8-d7ed48430d5f1b67,8,0,O,O,0,0,0,14,14,158340,69575,0,0,0,0,0,1,7,14,0,0,0,0,0,2228.9617185369134,0.0,floor
run-spec-b17c33071854519463ab,full_rationale,2026_AIME_II_P13,g-n5-m8-7f3a9ce5d54de331,8,0,O,O,0,0,0,13,13,167866,78572,0,0,0,0,0,2,2,13,0,0,0,0,0,2602.933849941939,0.0,floor
run-spec-5c06fb3e1d8ea70b5d94,full_rationale,2026_AIME_II_P13,g-n5-m8-9970b4b974e58087,8,0,O,O,0,0,0,12,12,89016,53417,0,0,0,0,0,0,0,12,0,0,0,0,0,1621.4429655373096,0.0,floor
run-spec-6c9a048bcf79fde7a567,full_rationale,2026_AIME_II_P13,g-n5-m12-e751609d27011f71,12,0,O,U,0,0,0,15,15,177379,59371,0,0,0,0,0,0,11,15,0,0,0,0,0,1879.9836821705103,0.0,floor
run-spec-5f1c9c0bab5b4db432fc,full_rationale,2026_AIME_II_P13,g-n5-m12-b7994e50c3403f63,12,0,O,O,0,0,0,16,16,210595,70352,0,0,0,0,0,1,1,16,0,0,0,0,0,2329.3100451789796,0.0,floor
run-spec-47badcb1d8a336ade666,full_rationale,2026_AIME_II_P13,g-n5-m12-c2d302af32c23635,12,0,O,O,0,0,0,15,15,320705,97994,0,0,0,0,0,3,3,15,0,0,0,0,0,3662.323777630925,0.0,floor
run-spec-db3b76f60cdf4991144f,full_rationale,2026_AIME_II_P13,g-n5-m16-d8343258cfd33056,16,0,U,O,0,0,0,16,16,429135,122205,0,0,0,0,0,5,8,16,0,0,0,0,0,4731.290183283389,0.0,floor
run-spec-4b3fae16b4a19c1d0b9c,full_rationale,2026_AIME_II_P13,g-n5-m4-fc174fd4cac969a2,4,0,U,O,0,0,0,16,16,155082,101752,0,0,0,0,0,3,3,16,0,0,0,0,0,4036.315668243915,0.0,floor
run-spec-ce7e5eef0bdb5ce26507,full_rationale,2026_AIME_II_P13,g-n5-m4-c86f6be403cf7523,4,0,O,O,0,0,0,14,14,110563,64522,0,0,0,0,0,1,6,14,0,0,0,0,0,2402.643327102065,0.0,floor
run-spec-4e717562f0b0eb086c26,full_rationale,2026_AIME_II_P13,g-n5-m8-098c132ef3277e03,8,0,O,O,0,0,0,13,13,149881,82863,0,0,0,0,0,2,2,13,0,0,0,0,0,3328.2911683321,0.0,floor
run-spec-9605e31c02fde34e527e,full_rationale,2026_AIME_II_P13,g-n5-m8-8cbea459f4a9f71d,8,0,O,U,0,0,0,14,14,147302,67386,0,0,0,0,0,0,6,14,0,0,0,0,0,2866.733112793416,0.0,floor
run-spec-5d05bf1870110d2d6266,full_rationale,2026_AIME_II_P13,g-n5-m12-aa67d00fd87be761,12,0,O,U,0,0,0,15,15,184442,63104,0,0,0,0,0,0,9,15,0,0,0,0,0,2742.451578181237,0.0,floor
run-spec-20a16f42c3ce6a322619,full_rationale,2026_AIME_II_P13,g-n5-m12-245b8a7d712cb4a0,12,0,O,U,0,0,0,15,15,220063,68842,0,0,0,0,0,1,10,15,0,0,0,0,0,3029.8251284211874,0.0,floor
run-spec-f851c6aad4e1fc9fc609,full_rationale,2026_AIME_II_P14,g-n5-m4-020c02ee23fd10e6,4,0,O,O,0,0,0,14,14,123640,76994,0,0,0,0,0,0,0,14,0,0,0,0,0,3287.7339916676283,0.0,floor
run-spec-f0e6c52506b17157a041,full_rationale,2026_AIME_II_P14,g-n5-m4-8ace11eb98f60ea5,4,0,O,O,0,0,0,13,13,87895,63490,0,0,0,0,0,1,1,13,0,0,0,0,0,2803.0313526429236,0.0,floor
run-spec-19299f26f2fe4a66cdec,full_rationale,2026_AIME_II_P14,g-n5-m4-e6b58e28f5d141e8,4,0,O,O,0,0,0,12,12,138467,91695,0,0,0,0,0,2,2,12,0,0,0,0,0,3880.392948433757,0.0,floor
run-spec-e91093e1cf8dddd16442,full_rationale,2026_AIME_II_P14,g-n5-m8-d7ed48430d5f1b67,8,0,U,O,0,0,0,14,14,240110,105994,0,0,0,0,0,4,4,14,0,0,0,0,0,4474.865201678127,0.0,floor
run-spec-2f96f503e083208e3d3e,full_rationale,2026_AIME_II_P14,g-n5-m8-7f3a9ce5d54de331,8,0,O,O,0,0,0,13,13,113306,72492,0,0,0,0,0,1,1,13,0,0,0,0,0,3047.9840636737645,0.0,floor
run-spec-98ab962661dc5d9a34bd,full_rationale,2026_AIME_II_P14,g-n5-m8-9970b4b974e58087,8,0,O,O,0,0,0,12,12,127415,82223,0,0,0,0,0,2,2,12,0,0,0,0,0,3270.167802706361,0.0,floor
run-spec-2269593fa9095bd2b180,full_rationale,2026_AIME_II_P14,g-n5-m12-e751609d27011f71,12,0,O,O,0,0,0,15,15,199932,72169,0,0,0,0,0,1,1,15,0,0,0,0,0,2888.8199557214975,0.0,floor
run-spec-200e2d4de18fccfd77e6,full_rationale,2026_AIME_II_P14,g-n5-m12-b7994e50c3403f63,12,0,O,O,0,0,0,16,16,202145,75465,0,0,0,0,0,0,0,16,0,0,0,0,0,2978.193287115544,0.0,floor
run-spec-95bd39b8a51ad9a3a47a,full_rationale,2026_AIME_II_P14,g-n5-m12-c2d302af32c23635,12,0,O,O,0,0,0,15,15,333209,114963,0,0,0,0,0,3,3,15,0,0,0,0,0,4538.875572975725,0.0,floor
run-spec-e3f702b329b0d89d1665,full_rationale,2026_AIME_II_P14,g-n5-m16-d8343258cfd33056,16,0,O,O,0,0,0,16,16,282086,92704,0,0,0,0,0,2,2,16,0,0,0,0,0,3666.614071160555,0.0,floor
run-spec-a49f147c327419a17393,full_rationale,2026_AIME_II_P14,g-n5-m4-fc174fd4cac969a2,4,0,O,O,0,0,0,16,16,163781,101075,0,0,0,0,0,0,0,16,0,0,0,0,0,3981.912246916443,0.0,floor
run-spec-530d4df1fed4a7b3f2c9,full_rationale,2026_AIME_II_P14,g-n5-m4-c86f6be403cf7523,4,0,O,O,0,0,0,14,14,119572,74314,0,0,0,0,0,1,1,14,0,0,0,0,0,2888.3108428418636,0.0,floor
run-spec-4ccdb168c3ba04dd0bc4,full_rationale,2026_AIME_II_P14,g-n5-m8-098c132ef3277e03,8,0,U,O,0,0,0,13,13,168191,85021,0,0,0,0,0,2,2,13,0,0,0,0,0,3337.3726410456,0.0,floor
run-spec-8c63bf8bdf60b5326b3d,full_rationale,2026_AIME_II_P14,g-n5-m8-8cbea459f4a9f71d,8,0,U,O,0,0,0,14,14,174873,87095,0,0,0,0,0,2,2,14,0,0,0,0,0,3465.753528933972,0.0,floor
run-spec-4fca3dc5f0d3c7af8cad,full_rationale,2026_AIME_II_P14,g-n5-m12-aa67d00fd87be761,12,0,O,O,0,0,0,15,15,202220,72071,0,0,0,0,0,1,1,15,0,0,0,0,0,2736.818968337029,0.0,floor
run-spec-7074de3806e84a987f8b,full_rationale,2026_AIME_II_P14,g-n5-m12-245b8a7d712cb4a0,12,0,O,O,0,0,0,15,15,182011,64629,0,0,0,0,0,0,0,15,0,0,0,0,0,2467.4018512815237,0.0,floor
run-spec-1247fcb5f3d5c3b2915c,full_rationale,2026_AIME_II_P15,g-n5-m4-020c02ee23fd10e6,4,0,O,U,0,0,0,14,14,76700,45222,0,0,0,0,0,0,6,14,0,0,0,0,0,1758.4479726478457,0.0,floor
run-spec-21f74992e5933791efa2,full_rationale,2026_AIME_II_P15,g-n5-m4-8ace11eb98f60ea5,4,0,O,O,0,0,0,13,13,71978,46026,0,0,0,0,0,0,0,13,0,0,0,0,0,1750.0240394696593,0.0,floor
run-spec-9d51e89c6c631ee488c2,full_rationale,2026_AIME_II_P15,g-n5-m4-e6b58e28f5d141e8,4,0,O,O,0,0,0,12,12,76986,50505,0,0,0,0,0,0,0,12,0,0,0,0,0,1827.1499818488955,0.0,floor
run-spec-0ca106d5f3cbe11bed85,full_rationale,2026_AIME_II_P15,g-n5-m8-d7ed48430d5f1b67,8,0,O,O,0,0,0,14,14,106171,45743,0,0,0,0,0,0,0,14,0,0,0,0,0,1713.0438658595085,0.0,floor
run-spec-d87457a23d669f62dd70,full_rationale,2026_AIME_II_P15,g-n5-m8-7f3a9ce5d54de331,8,0,O,O,0,0,0,13,13,88461,45665,0,0,0,0,0,0,2,13,0,0,0,0,0,1430.6319825462997,0.0,floor
run-spec-818485a2910f2d5581e4,full_rationale,2026_AIME_II_P15,g-n5-m8-9970b4b974e58087,8,0,O,O,0,0,0,12,12,70155,39577,0,0,0,0,0,0,0,12,0,0,0,0,0,1034.9350032247603,0.0,floor
run-spec-14073b45783d41ffc222,full_rationale,2026_AIME_II_P15,g-n5-m12-e751609d27011f71,12,0,O,O,0,0,0,15,15,134645,49970,0,0,0,0,0,0,2,15,0,0,0,0,0,1209.725388418883,0.0,floor
run-spec-064f196215b476c8acdb,full_rationale,2026_AIME_II_P15,g-n5-m12-b7994e50c3403f63,12,0,O,O,0,0,0,16,16,171836,63295,0,0,0,0,0,0,0,16,0,0,0,0,0,1309.9278730079532,0.0,floor
run-spec-a16eafa531416bfca789,full_rationale,2026_AIME_II_P15,g-n5-m12-c2d302af32c23635,12,0,O,O,0,0,0,15,15,175381,61722,0,0,0,0,0,0,0,15,0,0,0,0,0,1284.8221627622843,0.0,floor
run-spec-5fd7ee235792b8b401fc,full_rationale,2026_AIME_II_P15,g-n5-m16-d8343258cfd33056,16,0,O,O,0,0,0,16,16,175980,47854,0,0,0,0,0,0,2,16,0,0,0,0,0,1073.8818775452673,0.0,floor
run-spec-3da97cd8a26f80c49e4d,full_rationale,2026_AIME_II_P15,g-n5-m4-fc174fd4cac969a2,4,0,O,O,0,0,0,16,16,106166,61392,0,0,0,0,0,1,1,16,0,0,0,0,0,1275.5252052173018,0.0,floor
run-spec-3c8462d2b3b0a09d04ac,full_rationale,2026_AIME_II_P15,g-n5-m4-c86f6be403cf7523,4,0,O,O,0,0,0,14,14,84045,52144,0,0,0,0,0,0,0,14,0,0,0,0,0,1113.263470068574,0.0,floor
run-spec-10ec03d26a96132d8371,full_rationale,2026_AIME_II_P15,g-n5-m8-098c132ef3277e03,8,0,O,O,0,0,0,13,13,87336,42912,0,0,0,0,0,0,2,13,0,0,0,0,0,942.1450106203556,0.0,floor
run-spec-1051b5899c876de50900,full_rationale,2026_AIME_II_P15,g-n5-m8-8cbea459f4a9f71d,8,0,O,O,0,0,0,14,14,108652,49666,0,0,0,0,0,0,0,14,0,0,0,0,0,1038.1152904853225,0.0,floor
run-spec-ad5535e170f02c773a3e,full_rationale,2026_AIME_II_P15,g-n5-m12-aa67d00fd87be761,12,0,O,O,0,0,0,15,15,126896,41980,0,0,0,0,0,0,2,15,0,0,0,0,0,916.3457013592124,0.0,floor
run-spec-ad46d75f7c046dc4d61a,full_rationale,2026_AIME_II_P15,g-n5-m12-245b8a7d712cb4a0,12,0,O,O,0,0,0,15,15,139484,46956,0,0,0,0,0,0,1,15,0,0,0,0,0,977.876850195229,0.0,floor
